part_spark_plug_motorcraft	spark_plugs_40l	Ignition	Motorcraft Platinum Spark Plug (Set of 6)
part_spark_plug_bosch	spark_plugs_40l	Ignition	Bosch Double Platinum Spark Plug (Set of 6)
part_oil_filter_motorcraft	oil_filter_housing	Filters	Motorcraft Engine Oil Filter FL-820S
part_oil_wix	oil_filter_housing	Filters	WIX Spin-On Oil Filter Heavy Duty
part_thermostat_housing_dorman	thermostat_housing	Cooling System	Dorman Complete Aluminum Thermostat Housing Kit
part_serpentine_belt_gates	serpentine_belt	Belts & Hoses	Gates Micro-V Serpentine Belt
part_alternator_ultrapower	battery_alternator	Charging System	Ultrapower 130Amp High Output Alternator
part_brake_pads_ceramic	front_brakes	Brakes	BrakeBest Select Ceramic Front Brake Pads
part_front_rotor_vented	front_brakes	Brakes	BrakeBest Select Front Vented Brake Rotor (Single)
part_4x4_shift_motor	driveshaft_4x4	4WD & Drivetrain	Dorman 4x4 Electric Transfer Case Shift Motor
part_intake_gasket_felpro	upper_intake_manifold	Gaskets	Fel-Pro Upper Intake Manifold Gasket Set
part_timing_tensioner_cloyes	timing_cassette_front	Engine Timing	Cloyes Hydraulic Timing Chain Tensioner (Front)
part_trans_filter_wix	transmission_5r55e	Transmission	WIX 5R55E Transmission Filter & Pan Gasket Kit
part_headlight_bulbs_motorcraft	wiring_lighting_3d	Lighting	Motorcraft 9007 Dual Beam XtraVision Headlight Bulbs (Pair)
part_headlight_assembly_anzo	wiring_lighting_3d	Lighting	Anzo USA OEM Style Crystal Clear Headlight & Corner Lens Set
part_wiring_harness_dorman	wiring_lighting_3d	Wiring & Electrical	Dorman Conduct-Tite Heavy Duty Headlight Wiring Socket Harness Pigtail
part_brake_master_cylinder_dorman	abs_master_cylinder_3d	Brakes	Dorman Brake Master Cylinder Assembly with Reservoir
part_rear_brake_pads_rotors_bosch	rear_brakes_3d	Brakes	Bosch QuietCast Rear Premium Disc Brake Rotor & Ceramic Pad Kit
part_catback_muffler_walker	catback_exhaust_muffler_3d	Exhaust	Walker Quiet-Flow Stainless Steel Exhaust Muffler & Assembly
part_o2_sensor_bosch	oxygen_sensors_3d	Exhaust	Bosch Direct Fit Heated Oxygen Sensor (HO2S)
part_tire_goodyear_adventure	tires_wheels_3d	Tires & Wheels	Goodyear Wrangler All-Terrain Adventure Tire (265/70R16 112T)
part_wheel_oe_aluminum	tires_wheels_3d	Tires & Wheels	OE Reconditioned 16x7.0 5-Spoke Machined Cast Aluminum Wheel
part_hub_assembly_moog	wheel_bearings_hubs_3d	Tires & Wheels	Moog Front Wheel Hub & Sealed Bearing Assembly with ABS Harness
part_lug_nuts_dorman	tires_wheels_3d	Tires & Wheels	Dorman Heavy Duty Chrome Wheel Lug Nut Set (1/2-in-20 Thread, 20 Pack)
part_instrument_cluster_dorman	dash_dashboard_cluster_3d	Electrical & Dash	Dorman OE Solutions Reconditioned Instrument Cluster (White Face Gauges)
part_cluster_led_bulbs_sylvania	dash_dashboard_cluster_3d	Electrical & Dash	Sylvania ZEVO White LED Mini-Bulb 6-Pack (Dash Gauge Backlight)
part_dash_fuse_block_dorman	dash_wiring_harness_3d	Electrical & Dash	Dorman Central Junction Box Interior Fuse Block & Relay Module
part_dash_wiring_repair_pigtails	dash_wiring_harness_3d	Electrical & Dash	Pico Automotive Multi-Pin Under-Dash Wiring Harness Repair Kit
part_sunroof_weatherstrip_seal	sunroof_glass_frame_3d	Body & Interior	Precision Replacement Weatherstripping Moonroof Glass Outer Perimeter Seal
part_sunroof_drive_motor	sunroof_motor_tracks_3d	Electrical & Body	Dorman OE Solutions Power Sunroof Drive Motor & Gearbox Assembly
part_sunroof_drain_cleaner_kit	sunroof_drain_tubes_shade_3d	Body & Accessories	Performance Tool Flexible Sunroof Water Drain Hose Snake & Flush Cleaning Tool
part_front_wiper_blades_bosch	front_windshield_3d	Body & Exterior	Bosch ICON All-Weather Premium Beam Wiper Blade Set (22-Inch Driver & Passenger)
part_windshield_urethane_3m	front_windshield_3d	Body & Exterior	3M Single-Step Auto Glass Urethane Adhesive Cartridge (10.5 fl oz)
part_rear_window_regulator_dorman	rear_window_power_slide_3d	Electrical & Body	Dorman OE Solutions Power Rear Drop-Down Sliding Window Regulator & Motor Assembly
part_airbag_clockspring_dorman	airbag_driver_clockspring_3d	Electrical & Safety	Dorman OE Solutions Steering Wheel Airbag Clock Spring Harness
part_airbag_front_crash_sensor	airbag_rcm_sensors_3d	Electrical & Safety	Dorman OE Solutions Front Radiator Support Crash Impact Sensor
part_airbag_seatbelt_pretensioner	airbag_seatbelt_pretensioners_3d	Safety & Interior	Dorman Replacement Seatbelt Buckle Anchor & Pyrotechnic Pretensioner Switch Assembly
part_ac_compressor_murray	ac_compressor	Heating & Air Conditioning	Murray Climate Control FS10 A/C Compressor with Clutch Assembly
part_heater_core_murray	heater_core_hvac_3d	Heating & Air Conditioning	Murray Heat Transfer Aluminum Heater Core Assembly
part_blower_motor_murray	hvac_blower_motor_3d	Heating & Air Conditioning	Murray Climate Control Blower Motor Wheel Assembly
part_blower_resistor_dorman	hvac_blower_motor_3d	Heating & Air Conditioning	Dorman OE Solutions 4-Speed HVAC Blower Motor Resistor Pack
part_blend_door_actuator_dorman	hvac_blend_door_actuator_3d	Heating & Air Conditioning	Dorman OE Solutions Electric HVAC Blend Door Actuator Motor
part_ac_accumulator_murray	ac_evaporator_accumulator_3d	Heating & Air Conditioning	Murray Climate Control A/C Accumulator Drier Bottle & Orifice Tube
part_ac_condenser_murray	ac_condenser_lines_3d	Heating & Air Conditioning	Murray Heat Transfer Heavy Duty Parallel Flow A/C Condenser Core
part_tool_digital_multimeter	wiring_lighting_3d	Specialty Tools	EverTough Auto Electrical Multimeter & Wire Crimper Set
part_tool_fuel_pressure_tester	spark_plugs_40l	Specialty Tools	EverTough Master Fuel Pressure Test Kit
part_tool_spring_compressor	front_brakes	Specialty Tools	EverTough Heavy Duty Torsion Bar & Coil Spring Compressor
part_tool_brake_bleeder	abs_master_cylinder_3d	Specialty Tools	EverTough One-Man Vacuum Brake Bleeder & Caliper Press Kit
part_tool_exhaust_cutter	catback_exhaust_muffler_3d	Specialty Tools	EverTough Exhaust Pipe Tailpipe Cutter & Rubber Hanger Pliers Set
part_radio_head_unit	radio_mach500_head_unit_3d	Dash & Interior Electronics	Ford Mach 500 Double-DIN AM/FM 6-Disc In-Dash CD Changer Radio Unit
part_door_speakers_6x8	audio_door_speakers_subwoofer_3d	Door Speakers & Audio	Pioneer TS-A683FH 6x8 3-Way Coaxial High-Output Door Speakers (Pair)
part_radio_wiring_harness	radio_mach500_head_unit_3d	Stereo Wiring & Install Accessories	Metra 70-5521 Ford Radio Plug Wiring Harness & Antenna Coax Adapter Kit
part_tool_din_keys	radio_mach500_head_unit_3d	Specialty Tools	Ford U-Shaped DIN Radio Removal Key Tool Set (Ford # T83P-19061-A)
part_subwoofer_pioneer	audio_door_speakers_subwoofer_3d	Subwoofers & Amplifiers	Pioneer 8-Inch Shallow-Mount 2-Ohm Subwoofer Driver & Amp Fuse Kit
