source_name,source_node_index,source_mesh,system,is_guide,dimensions_m,bounds_min_m,bounds_max_m,vertex_count,face_count
A pillar,80,Cube.082,body,False,"[0.28640031705103075, 0.86407723435984, 0.07000000029802322]","[0.7967998390902988, 1.5479614018935663, -0.8900000192224979]","[1.0832001561413296, 2.4120386362534063, -0.8200000189244747]",24,12
A pillar.001,85,Cube.077,body,False,"[0.28640031705103075, 0.86407723435984, 0.07000000029802322]","[0.7967998390902988, 1.5479614018935663, 0.8200000189244747]","[1.0832001561413296, 2.4120386362534063, 0.8900000192224979]",24,12
Amber turn signal,56,Cube.105,body,False,"[0.07599999755620956, 0.30000001192092896, 0.10999999940395355]","[2.481999982148409, 1.5299999415874481, -0.4293999895453453]","[2.5579999797046185, 1.829999953508377, -0.31939999014139175]",24,12
Amber turn signal.001,59,Cube.103,body,False,"[0.07599999755620956, 0.30000001192092896, 0.10999999940395355]","[2.481999982148409, 1.5299999415874481, 0.31939999014139175]","[2.5579999797046185, 1.829999953508377, 0.4293999895453453]",24,12
B pillar,79,Cube.083,body,False,"[0.10999999940395355, 0.8600000143051147, 0.07000000029802322]","[-0.004999998956918716, 1.5699999928474426, -0.8900000192224979]","[0.10500000044703484, 2.4300000071525574, -0.8200000189244747]",24,12
B pillar.001,84,Cube.078,body,False,"[0.10999999940395355, 0.8600000143051147, 0.07000000029802322]","[-0.004999998956918716, 1.5699999928474426, 0.8200000189244747]","[0.10500000044703484, 2.4300000071525574, 0.8900000192224979]",24,12
Bed floor,98,Cube.068,body,False,"[1.559999942779541, 0.07000000029802322, 1.5399999618530273]","[-2.3299999237060547, 1.744999971240759, -0.7699999809265137]","[-0.7699999809265137, 1.8149999715387821, 0.7699999809265137]",24,12
Bed tonneau cover,97,Cube.069,body,False,"[1.600000023841858, 0.09000000357627869, 1.600000023841858]","[-2.349999964237213, 1.834999993443489, -0.800000011920929]","[-0.7499999403953552, 1.9249999970197678, 0.800000011920929]",24,12
Black honeycomb grille,61,Cube.101,body,False,"[0.05000000074505806, 0.4000000059604645, 0.9599999785423279]","[2.4900001045316458, 1.280000016093254, -0.47999998927116394]","[2.540000105276704, 1.6800000220537186, 0.47999998927116394]",24,12
Black running board,62,Cube.100,body,False,"[2.700000047683716, 0.14000000059604645, 0.20000000298023224]","[-1.400000024586916, 0.6500000283122063, -0.7448000088334084]","[1.3000000230967999, 0.7900000289082527, -0.5448000058531761]",24,12
Black running board.001,64,Cube.098,body,False,"[2.700000047683716, 0.14000000059604645, 0.20000000298023224]","[-1.400000024586916, 0.6500000283122063, 0.5448000058531761]","[1.3000000230967999, 0.7900000289082527, 0.7448000088334084]",24,12
C pillar,78,Cube.084,body,False,"[0.2773624172532574, 0.8695089444955757, 0.07000000029802322]","[-0.8586812372368582, 1.5452455468256985, -0.8900000192224979]","[-0.5813188199836008, 2.414754491321274, -0.8200000189244747]",24,12
C pillar.001,83,Cube.079,body,False,"[0.2773624172532574, 0.8695089444955757, 0.07000000029802322]","[-0.8586812372368582, 1.5452455468256985, 0.8200000189244747]","[-0.5813188199836008, 2.414754491321274, 0.8900000192224979]",24,12
Cooling fan,219,Cylinder.033,body,False,"[0.05000000074505806, 0.5400000214576721, 0.5400000214576721]","[1.6149999853223562, 1.2799999415874481, -0.27000001072883606]","[1.6649999860674143, 1.8199999630451202, 0.27000001072883606]",192,124
Crank pulley,220,Cylinder.032,body,False,"[0.07999999821186066, 0.3400000035762787, 0.3400000035762787]","[0.3999999985098839, 0.9300000220537186, -0.17000000178813934]","[0.47999999672174454, 1.2700000256299973, 0.17000000178813934]",192,124
Crew cab roof and pillars,100,Cube.066,body,False,"[2.700000047683716, 1.2400000095367432, 1.6799999475479126]","[-0.8300000429153442, 1.2100000381469727, -0.8399999737739563]","[1.8700000047683716, 2.450000047683716, 0.8399999737739563]",24,12
Crossmember,195,Cube.006,body,False,"[0.20000000298023224, 0.1599999964237213, 1.559999942779541]","[1.549999974668026, 0.39000000059604645, -0.7799999713897705]","[1.7499999776482582, 0.5499999970197678, 0.7799999713897705]",24,12
Crossmember.001,198,Cube.003,body,False,"[0.20000000298023224, 0.1599999964237213, 1.559999942779541]","[-1.8200000301003456, 0.39000000059604645, -0.7799999713897705]","[-1.6200000271201134, 0.5499999970197678, 0.7799999713897705]",24,12
Crossmember.002,197,Cube.004,body,False,"[0.20000000298023224, 0.1599999964237213, 1.559999942779541]","[-0.8500000014901161, 0.39000000059604645, -0.7799999713897705]","[-0.6499999985098839, 0.5499999970197678, 0.7799999713897705]",24,12
Crossmember.003,196,Cube.005,body,False,"[0.20000000298023224, 0.1599999964237213, 1.559999942779541]","[0.3499999865889549, 0.39000000059604645, -0.7799999713897705]","[0.5499999895691872, 0.5499999970197678, 0.7799999713897705]",24,12
Door handle,75,Cube.087,body,False,"[0.17000000178813934, 0.05000000074505806, 0.05000000074505806]","[0.4949999824166298, 1.6049999948590994, 0.872599994763732]","[0.6649999842047691, 1.6549999956041574, 0.92259999550879]",24,12
Door handle.001,72,Cube.090,body,False,"[0.17000000178813934, 0.05000000074505806, 0.05000000074505806]","[0.4949999824166298, 1.6049999948590994, -0.92259999550879]","[0.6649999842047691, 1.6549999956041574, -0.872599994763732]",24,12
Door handle.002,69,Cube.093,body,False,"[0.17000000178813934, 0.05000000074505806, 0.05000000074505806]","[-0.33500000089406967, 1.6049999948590994, 0.872599994763732]","[-0.16499999910593033, 1.6549999956041574, 0.92259999550879]",24,12
Door handle.003,66,Cube.096,body,False,"[0.17000000178813934, 0.05000000074505806, 0.05000000074505806]","[-0.33500000089406967, 1.6049999948590994, -0.92259999550879]","[-0.16499999910593033, 1.6549999956041574, -0.872599994763732]",24,12
Door lower protective molding,76,Cube.086,body,False,"[0.7200000286102295, 0.07000000029802322, 0.04399999976158142]","[0.1199999749660492, 1.08500000461936, 0.862400010228157]","[0.8400000035762787, 1.1550000049173832, 0.9064000099897385]",24,12
Door lower protective molding.001,73,Cube.089,body,False,"[0.7200000286102295, 0.07000000029802322, 0.04399999976158142]","[0.1199999749660492, 1.08500000461936, -0.9064000099897385]","[0.8400000035762787, 1.1550000049173832, -0.862400010228157]",24,12
Door lower protective molding.002,70,Cube.092,body,False,"[0.7200000286102295, 0.07000000029802322, 0.04399999976158142]","[-0.7100000083446503, 1.08500000461936, 0.862400010228157]","[0.010000020265579224, 1.1550000049173832, 0.9064000099897385]",24,12
Door lower protective molding.003,67,Cube.095,body,False,"[0.7200000286102295, 0.07000000029802322, 0.04399999976158142]","[-0.7100000083446503, 1.08500000461936, -0.9064000099897385]","[0.010000020265579224, 1.1550000049173832, -0.862400010228157]",24,12
Ford oval badge,54,Cube.106,body,False,"[0.029999999329447746, 0.10999999940395355, 0.23999999463558197]","[2.5349999526515603, 1.4350000098347664, -0.11999999731779099]","[2.564999951981008, 1.54500000923872, 0.11999999731779099]",24,12
Frame left rail,200,Cube.001,body,False,"[4.900000095367432, 0.18000000715255737, 0.15000000596046448]","[-2.450000047683716, 0.38999998569488525, 0.6550000160932541]","[2.450000047683716, 0.5699999928474426, 0.8050000220537186]",24,12
Frame right rail,199,Cube.002,body,False,"[4.900000095367432, 0.18000000715255737, 0.15000000596046448]","[-2.450000047683716, 0.38999998569488525, -0.8050000220537186]","[2.450000047683716, 0.5699999928474426, -0.6550000160932541]",24,12
Front CV joint,160,Cylinder.064,body,False,"[0.15000000596046448, 0.15000000596046448, 0.11999999731779099]","[1.3950000256299973, 0.6249999850988388, 0.3172000087797642]","[1.5450000315904617, 0.7749999910593033, 0.43720000609755516]",192,124
Front CV joint.001,158,Cylinder.065,body,False,"[0.15000000596046448, 0.15000000596046448, 0.11999999731779099]","[1.3950000256299973, 0.6249999850988388, -0.43720000609755516]","[1.5450000315904617, 0.7749999910593033, -0.3172000087797642]",192,124
Front fascia,95,Cube.071,body,False,"[0.3199999928474426, 0.8399999737739563, 1.7200000286102295]","[2.17999991774559, 0.7599999606609344, -0.8600000143051147]","[2.499999910593033, 1.5999999344348907, 0.8600000143051147]",24,12
Front halfshaft,161,Front halfshaft,body,False,"[0.5829249620437622, 0.18441271781921387, 0.46381937712430954]","[0.9920909404754639, 0.5774067640304565, -0.03529994934797287]","[1.575015902519226, 0.7618194818496704, 0.42851942777633667]",275,480
Front halfshaft.001,159,Front halfshaft.001,body,False,"[0.5829249620437622, 0.18441277742385864, 0.46381938457489014]","[0.9920909404754639, 0.5774067044258118, -0.42851942777633667]","[1.575015902519226, 0.7618194818496704, 0.03529995679855347]",275,480
Front seat,106,Cube.049,body,False,"[0.7200000286102295, 0.4399999976158142, 0.6000000238418579]","[-0.3100000135600567, 1.079999953508377, 0.09999999403953552]","[0.4100000150501728, 1.5199999511241913, 0.7000000178813934]",24,12
Front seat back,105,Cube.050,body,False,"[0.20000000298023224, 0.6800000071525574, 0.6000000238418579]","[-0.020000003278255463, 1.3099999725818634, 0.09999999403953552]","[0.17999999970197678, 1.9899999797344208, 0.7000000178813934]",24,12
Front seat back.001,103,Cube.052,body,False,"[0.20000000298023224, 0.6800000071525574, 0.6000000238418579]","[-0.020000003278255463, 1.3099999725818634, -0.7000000178813934]","[0.17999999970197678, 1.9899999797344208, -0.09999999403953552]",24,12
Front seat.001,104,Cube.051,body,False,"[0.7200000286102295, 0.4399999976158142, 0.6000000238418579]","[-0.3100000135600567, 1.079999953508377, -0.7000000178813934]","[0.4100000150501728, 1.5199999511241913, -0.09999999403953552]",24,12
Front side window,87,Cube.075,body,False,"[0.7799999713897705, 0.6200000047683716, 0.05000000074505806]","[0.09000000357627869, 1.7099999785423279, 0.8300000187009573]","[0.8699999749660492, 2.3299999833106995, 0.8800000194460154]",24,12
Front side window.001,82,Cube.080,body,False,"[0.7799999713897705, 0.6200000047683716, 0.05000000074505806]","[0.09000000357627869, 1.7099999785423279, -0.8800000194460154]","[0.8699999749660492, 2.3299999833106995, -0.8300000187009573]",24,12
Front stabilizer bar,164,Front stabilizer bar,body,False,"[0.7274680137634277, 0.12757626175880432, 0.3866874873638153]","[0.8429826498031616, 0.46539321541786194, 0.36171624064445496]","[1.5704506635665894, 0.5929694771766663, 0.7484037280082703]",275,480
Front stabilizer bar.001,163,Front stabilizer bar.001,body,False,"[0.7274680137634277, 0.12757626175880432, 0.3866874873638153]","[0.8429826498031616, 0.46539321541786194, -0.7484037280082703]","[1.5704506635665894, 0.5929694771766663, -0.36171624064445496]",275,480
Headlight housing,60,Cube.102,body,False,"[0.07000000029802322, 0.3199999928474426, 0.47999998927116394]","[2.4749999903142452, 1.5199999511241913, 0.2799999862909317]","[2.5449999906122684, 1.839999943971634, 0.7599999755620956]",24,12
Headlight housing.001,57,Cube.104,body,False,"[0.07000000029802322, 0.3199999928474426, 0.47999998927116394]","[2.4749999903142452, 1.5199999511241913, -0.7599999755620956]","[2.5449999906122684, 1.839999943971634, -0.2799999862909317]",24,12
Instrument panel,107,Cube.048,body,False,"[0.36000001430511475, 0.3199999928474426, 1.440000057220459]","[0.699999988079071, 1.820000022649765, -0.7200000286102295]","[1.0600000023841858, 2.1400000154972076, 0.7200000286102295]",24,12
Label_2 m reference,4,Label_2 m reference,body,True,"[0.5696803629398346, 0.07308651730390311, 0.0332524069244684]","[-0.2847500443458557, 0.1959067787921094, 1.6928300906694078]","[0.2849303185939789, 0.2689932960960125, 1.7260824975938762]",13024,21980
Label_2004 FORD EXPLORER SPORT TRAC,12,Label_2004 FORD EXPLORER SPORT TRAC,body,True,"[3.8440001010894775, 0.1662641615063456, 0.06352482989676855]","[-1.923319935798645, 3.094702288259216, 1.4929475926539977]","[1.9206801652908325, 3.2609664497655615, 1.5564724225507662]",21764,36416
Label_Frame rail,6,Label_Frame rail,body,True,"[0.43740008771419525, 0.07876376887174696, 0.03509702375487089]","[-0.21809504926204681, 0.5458205777315518, 0.9210133097606064]","[0.21930503845214844, 0.6245843466032988, 0.9561103335154773]",10376,17492
Long hood,96,Cube.070,body,False,"[1.7281100196624273, 0.28974375474586833, 1.659999966621399]","[0.6059450187790159, 1.835128141700552, -0.8299999833106995]","[2.334055038441443, 2.1248718964464204, 0.8299999833106995]",24,12
Lower dark bumper,94,Cube.072,body,False,"[0.23999999463558197, 0.3199999928474426, 1.7599999904632568]","[2.3400000408291817, 0.7100000083446503, -0.8799999952316284]","[2.5800000354647636, 1.030000001192093, 0.8799999952316284]",24,12
Lower rocker and body shell,101,Cube.065,body,False,"[4.960000038146973, 0.6800000071525574, 1.7599999904632568]","[-2.4800000190734863, 0.6599999964237213, -0.8799999952316284]","[2.4800000190734863, 1.3400000035762787, 0.8799999952316284]",24,12
Muffler,193,Cylinder.046,body,False,"[0.5199999809265137, 0.2800000011920929, 0.2800000011920929]","[-1.4399999380111694, 0.2799999862909317, 0.20000000298023224]","[-0.9199999570846558, 0.5599999874830246, 0.48000000417232513]",192,124
Pickup bed side structure,99,Cube.067,body,False,"[1.7200000286102295, 0.9800000190734863, 1.7200000286102295]","[-2.409999966621399, 0.8500000238418579, -0.8600000143051147]","[-0.6899999380111694, 1.8300000429153442, 0.8600000143051147]",24,12
Rear dark bumper,93,Cube.073,body,False,"[0.23999999463558197, 0.30000001192092896, 1.7599999904632568]","[-2.5900000259280205, 0.7700000107288361, -0.8799999952316284]","[-2.3500000312924385, 1.070000022649765, 0.8799999952316284]",24,12
Rear side window,86,Cube.076,body,False,"[0.800000011920929, 0.6200000047683716, 0.05000000074505806]","[-0.7100000083446503, 1.7099999785423279, 0.8300000187009573]","[0.09000000357627869, 2.3299999833106995, 0.8800000194460154]",24,12
Rear side window.001,81,Cube.081,body,False,"[0.800000011920929, 0.6200000047683716, 0.05000000074505806]","[-0.7100000083446503, 1.7099999785423279, -0.8800000194460154]","[0.09000000357627869, 2.3299999833106995, -0.8300000187009573]",24,12
Roof rail,65,Cube.097,body,False,"[2.4000000953674316, 0.09000000357627869, 0.07000000029802322]","[-1.2000000476837158, 2.5149999409914017, 0.58500000461936]","[1.2000000476837158, 2.6049999445676804, 0.6550000049173832]",24,12
Roof rail.001,63,Cube.099,body,False,"[2.4000000953674316, 0.09000000357627869, 0.07000000029802322]","[-1.2000000476837158, 2.5149999409914017, -0.6550000049173832]","[1.2000000476837158, 2.6049999445676804, -0.58500000461936]",24,12
Round fog lamp,58,Cylinder.068,body,False,"[0.03500000014901161, 0.1899999976158142, 0.1899999976158142]","[2.5175000857561827, 0.9249999821186066, 0.24819999933242798]","[2.5525000859051943, 1.1149999797344208, 0.4381999969482422]",288,188
Round fog lamp.001,55,Cylinder.069,body,False,"[0.03500000014901161, 0.1899999976158142, 0.1899999976158142]","[2.5175000857561827, 0.9249999821186066, -0.4381999969482422]","[2.5525000859051943, 1.1149999797344208, -0.24819999933242798]",288,188
Rounded wheel arch fender,89,Sphere.003,body,False,"[0.9600006639957428, 1.059999942779541, 0.20000021904706955]","[1.0799994468688965, 0.33000004291534424, -0.9400001093745232]","[2.0400001108646393, 1.3899999856948853, -0.7399998903274536]",4512,2208
Rounded wheel arch fender.001,92,Sphere,body,False,"[0.9600006639957428, 1.059999942779541, 0.20000021904706955]","[-2.100000500679016, 0.33000004291534424, 0.7399998381733894]","[-1.1399998366832733, 1.3899999856948853, 0.940000057220459]",4512,2208
Rounded wheel arch fender.002,91,Sphere.001,body,False,"[0.9600006639957428, 1.059999942779541, 0.20000021904706955]","[-2.100000500679016, 0.33000004291534424, -0.9400001093745232]","[-1.1399998366832733, 1.3899999856948853, -0.7399998903274536]",4512,2208
Rounded wheel arch fender.003,90,Sphere.002,body,False,"[0.9600006639957428, 1.059999942779541, 0.20000021904706955]","[1.0799994468688965, 0.33000004291534424, 0.7399998381733894]","[2.0400001108646393, 1.3899999856948853, 0.940000057220459]",4512,2208
Scale bar,5,Cube.061,body,True,"[2.0, 0.035999998450279236, 0.035999998450279236]","[-1.0, 0.12200000137090683, 1.7020000293850899]","[1.0, 0.15799999982118607, 1.738000027835369]",24,12
Side mirror,52,Sphere.005,body,False,"[0.26000016927719116, 0.20000000298023224, 0.1400001496076584]","[0.7499998658895493, 1.7600000128149986, -1.0500001087784767]","[1.0100000351667404, 1.9600000157952309, -0.9099999591708183]",4512,2208
Side mirror.001,53,Sphere.004,body,False,"[0.26000016927719116, 0.20000000298023224, 0.1400001496076584]","[0.7499998658895493, 1.7600000128149986, 0.9099999293684959]","[1.0100000351667404, 1.9600000157952309, 1.0500000789761543]",4512,2208
Six spoke alloy wheel,47,Cylinder.070,body,False,"[0.5600000023841858, 0.5600000023841858, 0.14000000059604645]","[-1.9000000059604645, 0.45000001788139343, 0.8500000163912773]","[-1.3400000035762787, 1.0100000202655792, 0.9900000169873238]",288,188
Six spoke alloy wheel.001,38,Cylinder.072,body,False,"[0.5600000023841858, 0.5600000023841858, 0.14000000059604645]","[-1.9000000059604645, 0.45000001788139343, -0.9900000169873238]","[-1.3400000035762787, 1.0100000202655792, -0.8500000163912773]",288,188
Six spoke alloy wheel.002,29,Cylinder.074,body,False,"[0.5600000023841858, 0.5600000023841858, 0.14000000059604645]","[1.2799999415874481, 0.45000001788139343, 0.8500000163912773]","[1.839999943971634, 1.0100000202655792, 0.9900000169873238]",288,188
Six spoke alloy wheel.003,20,Cylinder.076,body,False,"[0.5600000023841858, 0.5600000023841858, 0.14000000059604645]","[1.2799999415874481, 0.45000001788139343, -0.9900000169873238]","[1.839999943971634, 1.0100000202655792, -0.8500000163912773]",288,188
Sport Trac door skin,77,Cube.085,body,False,"[0.7599999904632568, 0.8600000143051147, 0.07000000029802322]","[0.09999999403953552, 0.9100000262260437, 0.8449999950826168]","[0.8599999845027924, 1.7700000405311584, 0.91499999538064]",24,12
Sport Trac door skin.001,74,Cube.088,body,False,"[0.7599999904632568, 0.8600000143051147, 0.07000000029802322]","[0.09999999403953552, 0.9100000262260437, -0.91499999538064]","[0.8599999845027924, 1.7700000405311584, -0.8449999950826168]",24,12
Sport Trac door skin.002,71,Cube.091,body,False,"[0.7599999904632568, 0.8600000143051147, 0.07000000029802322]","[-0.7299999892711639, 0.9100000262260437, 0.8449999950826168]","[0.030000001192092896, 1.7700000405311584, 0.91499999538064]",24,12
Sport Trac door skin.003,68,Cube.094,body,False,"[0.7599999904632568, 0.8600000143051147, 0.07000000029802322]","[-0.7299999892711639, 0.9100000262260437, -0.91499999538064]","[0.030000001192092896, 1.7700000405311584, -0.8449999950826168]",24,12
Sport Trac tire,21,Torus.007,body,False,"[1.1200000047683716, 1.1200000047683716, 0.3400000035762787]","[0.9999999403953552, 0.17000001668930054, -1.0900000184774399]","[2.119999945163727, 1.2900000214576721, -0.7500000149011612]",5120,2560
Sport Trac tire.001,48,Torus.004,body,False,"[1.1200000047683716, 1.1200000047683716, 0.3400000035762787]","[-2.1800000071525574, 0.17000001668930054, 0.7500000149011612]","[-1.0600000023841858, 1.2900000214576721, 1.0900000184774399]",5120,2560
Sport Trac tire.002,39,Torus.005,body,False,"[1.1200000047683716, 1.1200000047683716, 0.3400000035762787]","[-2.1800000071525574, 0.17000001668930054, -1.0900000184774399]","[-1.0600000023841858, 1.2900000214576721, -0.7500000149011612]",5120,2560
Sport Trac tire.003,30,Torus.006,body,False,"[1.1200000047683716, 1.1200000047683716, 0.3400000035762787]","[0.9999999403953552, 0.17000001668930054, 0.7500000149011612]","[2.119999945163727, 1.2900000214576721, 1.0900000184774399]",5120,2560
Tailgate,51,Cube.107,body,False,"[0.07000000029802322, 0.800000011920929, 1.559999942779541]","[-2.5549999810755253, 0.9799999892711639, -0.7799999713897705]","[-2.484999980777502, 1.780000001192093, 0.7799999713897705]",24,12
Technical ground,0,Cube.062,body,True,"[6.599999904632568, 0.05999999865889549, 4.400000095367432]","[-3.299999952316284, 0.020000001415610313, -2.200000047683716]","[3.299999952316284, 0.0800000000745058, 2.200000047683716]",24,12
Throttle body,214,Cylinder.034,body,False,"[0.1599999964237213, 0.20000000298023224, 0.20000000298023224]","[1.4000000208616257, 1.8800000175833702, -0.10000000149011612]","[1.560000017285347, 2.0800000205636024, 0.10000000149011612]",192,124
Tire,177,Torus.003,body,False,"[1.059999942779541, 1.059999942779541, 0.3199999928474426]","[1.0199999809265137, 0.19000005722045898, -1.070000022649765]","[2.0799999237060547, 1.25, -0.7500000298023224]",2304,1152
Tire.001,189,Torus,body,False,"[1.059999942779541, 1.059999942779541, 0.3199999928474426]","[-2.149999976158142, 0.19000005722045898, 0.7500000298023224]","[-1.090000033378601, 1.25, 1.070000022649765]",2304,1152
Tire.002,185,Torus.001,body,False,"[1.059999942779541, 1.059999942779541, 0.3199999928474426]","[-2.149999976158142, 0.19000005722045898, -1.070000022649765]","[-1.090000033378601, 1.25, -0.7500000298023224]",2304,1152
Tire.003,181,Torus.002,body,False,"[1.059999942779541, 1.059999942779541, 0.3199999928474426]","[1.0199999809265137, 0.19000005722045898, 0.7500000298023224]","[2.0799999237060547, 1.25, 1.070000022649765]",2304,1152
Valve cover,223,Cube.038,body,False,"[0.9200000166893005, 0.1599999964237213, 0.23999999463558197]","[0.5799999535083771, 1.599999949336052, 0.15000001341104507]","[1.4999999701976776, 1.7599999457597733, 0.39000000804662704]",24,12
Valve cover.001,221,Cube.040,body,False,"[0.9200000166893005, 0.1599999964237213, 0.23999999463558197]","[0.5799999535083771, 1.599999949336052, -0.39000000804662704]","[1.4999999701976776, 1.7599999457597733, -0.15000001341104507]",24,12
Vertical tail lamp,50,Cube.108,body,False,"[0.07000000029802322, 0.5, 0.25999999046325684]","[-2.5900000669062138, 1.25, 0.4599999785423279]","[-2.5200000666081905, 1.75, 0.7199999690055847]",24,12
Vertical tail lamp.001,49,Cube.109,body,False,"[0.07000000029802322, 0.5, 0.25999999046325684]","[-2.5900000669062138, 1.25, -0.7199999690055847]","[-2.5200000666081905, 1.75, -0.4599999785423279]",24,12
Wheel center cap,46,Cylinder.071,body,False,"[0.17000000178813934, 0.17000000178813934, 0.1599999964237213]","[-1.7050000056624413, 0.6450000181794167, 0.8491999953985214]","[-1.535000003874302, 0.815000019967556, 1.0091999918222427]",288,188
Wheel center cap.001,37,Cylinder.073,body,False,"[0.17000000178813934, 0.17000000178813934, 0.1599999964237213]","[-1.7050000056624413, 0.6450000181794167, -1.0091999918222427]","[-1.535000003874302, 0.815000019967556, -0.8491999953985214]",288,188
Wheel center cap.002,28,Cylinder.075,body,False,"[0.17000000178813934, 0.17000000178813934, 0.1599999964237213]","[1.4749999418854713, 0.6450000181794167, 0.8491999953985214]","[1.6449999436736107, 0.815000019967556, 1.0091999918222427]",288,188
Wheel center cap.003,19,Cylinder.077,body,False,"[0.17000000178813934, 0.17000000178813934, 0.1599999964237213]","[1.4749999418854713, 0.6450000181794167, -1.0091999918222427]","[1.6449999436736107, 0.815000019967556, -0.8491999953985214]",288,188
Wheel lug,145,Cylinder.003,body,False,"[0.03810511529445648, 0.04399999976158142, 0.05000000074505806]","[-1.5190525576472282, 0.6980000287294388, 0.8940999861806631]","[-1.4809474423527718, 0.7420000284910202, 0.9440999869257212]",36,20
Wheel lug.001,144,Cylinder.004,body,False,"[0.03810511529445648, 0.04399999976158142, 0.05000000074505806]","[-1.601970486342907, 0.8121267706155777, 0.8940999861806631]","[-1.5638653710484505, 0.8561267703771591, 0.9440999869257212]",36,20
Wheel lug.002,143,Cylinder.005,body,False,"[0.03810511529445648, 0.04399999976158142, 0.05000000074505806]","[-1.7361345812678337, 0.7685342580080032, 0.8940999861806631]","[-1.6980294659733772, 0.8125342577695847, 0.9440999869257212]",36,20
Wheel lug.003,142,Cylinder.006,body,False,"[0.03810511529445648, 0.04399999976158142, 0.05000000074505806]","[-1.7361345812678337, 0.6274657994508743, 0.8940999861806631]","[-1.6980294659733772, 0.6714657992124557, 0.9440999869257212]",36,20
Wheel lug.004,141,Cylinder.007,body,False,"[0.03810511529445648, 0.04399999976158142, 0.05000000074505806]","[-1.601970486342907, 0.5838732272386551, 0.8940999861806631]","[-1.5638653710484505, 0.6278732270002365, 0.9440999869257212]",36,20
Wheel lug.005,140,Cylinder.011,body,False,"[0.03810511529445648, 0.04399999976158142, 0.05000000074505806]","[-1.5190525576472282, 0.6980000287294388, -0.9440999869257212]","[-1.4809474423527718, 0.7420000284910202, -0.8940999861806631]",36,20
Wheel lug.006,139,Cylinder.012,body,False,"[0.03810511529445648, 0.04399999976158142, 0.05000000074505806]","[-1.601970486342907, 0.8121267706155777, -0.9440999869257212]","[-1.5638653710484505, 0.8561267703771591, -0.8940999861806631]",36,20
Wheel lug.007,138,Cylinder.013,body,False,"[0.03810511529445648, 0.04399999976158142, 0.05000000074505806]","[-1.7361345812678337, 0.7685342580080032, -0.9440999869257212]","[-1.6980294659733772, 0.8125342577695847, -0.8940999861806631]",36,20
Wheel lug.008,137,Cylinder.014,body,False,"[0.03810511529445648, 0.04399999976158142, 0.05000000074505806]","[-1.7361345812678337, 0.6274657994508743, -0.9440999869257212]","[-1.6980294659733772, 0.6714657992124557, -0.8940999861806631]",36,20
Wheel lug.009,136,Cylinder.015,body,False,"[0.03810511529445648, 0.04399999976158142, 0.05000000074505806]","[-1.601970486342907, 0.5838732272386551, -0.9440999869257212]","[-1.5638653710484505, 0.6278732270002365, -0.8940999861806631]",36,20
Wheel lug.010,135,Cylinder.019,body,False,"[0.03810511529445648, 0.04399999976158142, 0.05000000074505806]","[1.6509473994374275, 0.6980000287294388, 0.8940999861806631]","[1.689052514731884, 0.7420000284910202, 0.9440999869257212]",36,20
Wheel lug.011,134,Cylinder.020,body,False,"[0.03810511529445648, 0.04399999976158142, 0.05000000074505806]","[1.5680294707417488, 0.8121267706155777, 0.8940999861806631]","[1.6061345860362053, 0.8561267703771591, 0.9440999869257212]",36,20
Wheel lug.012,133,Cylinder.021,body,False,"[0.03810511529445648, 0.04399999976158142, 0.05000000074505806]","[1.433865375816822, 0.7685342580080032, 0.8940999861806631]","[1.4719704911112785, 0.8125342577695847, 0.9440999869257212]",36,20
Wheel lug.013,132,Cylinder.022,body,False,"[0.03810511529445648, 0.04399999976158142, 0.05000000074505806]","[1.433865375816822, 0.6274657994508743, 0.8940999861806631]","[1.4719704911112785, 0.6714657992124557, 0.9440999869257212]",36,20
Wheel lug.014,131,Cylinder.023,body,False,"[0.03810511529445648, 0.04399999976158142, 0.05000000074505806]","[1.5680294707417488, 0.5838732272386551, 0.8940999861806631]","[1.6061345860362053, 0.6278732270002365, 0.9440999869257212]",36,20
Wheel lug.015,130,Cylinder.027,body,False,"[0.03810511529445648, 0.04399999976158142, 0.05000000074505806]","[1.6509473994374275, 0.6980000287294388, -0.9440999869257212]","[1.689052514731884, 0.7420000284910202, -0.8940999861806631]",36,20
Wheel lug.016,129,Cylinder.028,body,False,"[0.03810511529445648, 0.04399999976158142, 0.05000000074505806]","[1.5680294707417488, 0.8121267706155777, -0.9440999869257212]","[1.6061345860362053, 0.8561267703771591, -0.8940999861806631]",36,20
Wheel lug.017,128,Cylinder.029,body,False,"[0.03810511529445648, 0.04399999976158142, 0.05000000074505806]","[1.433865375816822, 0.7685342580080032, -0.9440999869257212]","[1.4719704911112785, 0.8125342577695847, -0.8940999861806631]",36,20
Wheel lug.018,127,Cylinder.030,body,False,"[0.03810511529445648, 0.04399999976158142, 0.05000000074505806]","[1.433865375816822, 0.6274657994508743, -0.9440999869257212]","[1.4719704911112785, 0.6714657992124557, -0.8940999861806631]",36,20
Wheel lug.019,126,Cylinder.031,body,False,"[0.03810511529445648, 0.04399999976158142, 0.05000000074505806]","[1.5680294707417488, 0.5838732272386551, -0.9440999869257212]","[1.6061345860362053, 0.6278732270002365, -0.8940999861806631]",36,20
Wheel rim,188,Cylinder,body,False,"[0.5400000214576721, 0.5400000214576721, 0.11999999731779099]","[-1.8900000154972076, 0.45000001788139343, 0.8500000275671482]","[-1.3499999940395355, 0.9900000393390656, 0.9700000248849392]",192,124
Wheel rim.001,184,Cylinder.008,body,False,"[0.5400000214576721, 0.5400000214576721, 0.11999999731779099]","[-1.8900000154972076, 0.45000001788139343, -0.9700000248849392]","[-1.3499999940395355, 0.9900000393390656, -0.8500000275671482]",192,124
Wheel rim.002,180,Cylinder.016,body,False,"[0.5400000214576721, 0.5400000214576721, 0.11999999731779099]","[1.2799999415874481, 0.45000001788139343, 0.8500000275671482]","[1.8199999630451202, 0.9900000393390656, 0.9700000248849392]",192,124
Wheel rim.003,176,Cylinder.024,body,False,"[0.5400000214576721, 0.5400000214576721, 0.11999999731779099]","[1.2799999415874481, 0.45000001788139343, -0.9700000248849392]","[1.8199999630451202, 0.9900000393390656, -0.8500000275671482]",192,124
Wheel spoke,45,Cube.110,body,False,"[0.035999998450279236, 0.0560000017285347, 0.17000000178813934]","[-1.5179999992251396, 0.702000018209219, 0.8441999927163124]","[-1.4820000007748604, 0.7580000199377537, 1.0141999945044518]",24,12
Wheel spoke.001,44,Cube.111,body,False,"[0.16522432025367406, 0.0560000017285347, 0.11617691207959746]","[-1.642612102906378, 0.8059230409562588, 0.8711115375705833]","[-1.477387782652704, 0.8619230426847935, 0.9872884496501808]",24,12
Wheel spoke.002,43,Cube.112,body,False,"[0.16522431747537247, 0.0560000017285347, 0.11617691875004543]","[-1.7626121062855988, 0.8059230409562588, 0.8711115342353594]","[-1.5973877888102264, 0.8619230426847935, 0.9872884529854048]",24,12
Wheel spoke.003,42,Cube.113,body,False,"[0.03600001331215141, 0.0560000017285347, 0.17000000493535838]","[-1.7580000161928189, 0.702000018209219, 0.8441999911427028]","[-1.7220000028806675, 0.7580000199377537, 1.0141999960780612]",24,12
Wheel spoke.004,41,Cube.114,body,False,"[0.16522432025367406, 0.0560000017285347, 0.11617691207959746]","[-1.7626121076747496, 0.5980769358575344, 0.8711115375705833]","[-1.5973877874210756, 0.6540769375860691, 0.9872884496501808]",24,12
Wheel spoke.005,40,Cube.115,body,False,"[0.16522432025367406, 0.0560000017285347, 0.11617691207959746]","[-1.642612102906378, 0.5980769358575344, 0.8711115375705833]","[-1.477387782652704, 0.6540769375860691, 0.9872884496501808]",24,12
Wheel spoke.006,36,Cube.116,body,False,"[0.035999998450279236, 0.0560000017285347, 0.17000000178813934]","[-1.5179999992251396, 0.702000018209219, -1.0141999945044518]","[-1.4820000007748604, 0.7580000199377537, -0.8441999927163124]",24,12
Wheel spoke.007,35,Cube.117,body,False,"[0.16522432025367406, 0.0560000017285347, 0.11617691207959746]","[-1.642612102906378, 0.8059230409562588, -0.9872884496501808]","[-1.477387782652704, 0.8619230426847935, -0.8711115375705833]",24,12
Wheel spoke.008,34,Cube.118,body,False,"[0.16522431747537247, 0.0560000017285347, 0.11617691875004543]","[-1.7626121062855988, 0.8059230409562588, -0.9872884529854048]","[-1.5973877888102264, 0.8619230426847935, -0.8711115342353594]",24,12
Wheel spoke.009,33,Cube.119,body,False,"[0.03600001331215141, 0.0560000017285347, 0.17000000493535838]","[-1.7580000161928189, 0.702000018209219, -1.0141999960780612]","[-1.7220000028806675, 0.7580000199377537, -0.8441999911427028]",24,12
Wheel spoke.010,32,Cube.120,body,False,"[0.16522432025367406, 0.0560000017285347, 0.11617691207959746]","[-1.7626121076747496, 0.5980769358575344, -0.9872884496501808]","[-1.5973877874210756, 0.6540769375860691, -0.8711115375705833]",24,12
Wheel spoke.011,31,Cube.121,body,False,"[0.16522432025367406, 0.0560000017285347, 0.11617691207959746]","[-1.642612102906378, 0.5980769358575344, -0.9872884496501808]","[-1.477387782652704, 0.6540769375860691, -0.8711115375705833]",24,12
Wheel spoke.012,27,Cube.122,body,False,"[0.035999998450279236, 0.0560000017285347, 0.17000000178813934]","[1.661999948322773, 0.702000018209219, 0.8441999927163124]","[1.6979999467730522, 0.7580000199377537, 1.0141999945044518]",24,12
Wheel spoke.013,26,Cube.123,body,False,"[0.16522432025367406, 0.0560000017285347, 0.11617691207959746]","[1.5373878446415346, 0.8059230409562588, 0.8711115375705833]","[1.7026121648952086, 0.8619230426847935, 0.9872884496501808]",24,12
Wheel spoke.014,25,Cube.124,body,False,"[0.16522431747537247, 0.0560000017285347, 0.11617691875004543]","[1.4173878412623138, 0.8059230409562588, 0.8711115342353594]","[1.5826121587376862, 0.8619230426847935, 0.9872884529854048]",24,12
Wheel spoke.015,24,Cube.125,body,False,"[0.03600001331215141, 0.0560000017285347, 0.17000000493535838]","[1.4220000505643833, 0.702000018209219, 0.8441999911427028]","[1.4580000638765347, 0.7580000199377537, 1.0141999960780612]",24,12
Wheel spoke.016,23,Cube.126,body,False,"[0.16522432025367406, 0.0560000017285347, 0.11617691207959746]","[1.417387839873163, 0.5980769358575344, 0.8711115375705833]","[1.582612160126837, 0.6540769375860691, 0.9872884496501808]",24,12
Wheel spoke.017,22,Cube.127,body,False,"[0.16522432025367406, 0.0560000017285347, 0.11617691207959746]","[1.5373878446415346, 0.5980769358575344, 0.8711115375705833]","[1.7026121648952086, 0.6540769375860691, 0.9872884496501808]",24,12
Wheel spoke.018,18,Cube.128,body,False,"[0.035999998450279236, 0.0560000017285347, 0.17000000178813934]","[1.661999948322773, 0.702000018209219, -1.0141999945044518]","[1.6979999467730522, 0.7580000199377537, -0.8441999927163124]",24,12
Wheel spoke.019,17,Cube.129,body,False,"[0.16522432025367406, 0.0560000017285347, 0.11617691207959746]","[1.5373878446415346, 0.8059230409562588, -0.9872884496501808]","[1.7026121648952086, 0.8619230426847935, -0.8711115375705833]",24,12
Wheel spoke.020,16,Cube.130,body,False,"[0.16522431747537247, 0.0560000017285347, 0.11617691875004543]","[1.4173878412623138, 0.8059230409562588, -0.9872884529854048]","[1.5826121587376862, 0.8619230426847935, -0.8711115342353594]",24,12
Wheel spoke.021,15,Cube.131,body,False,"[0.03600001331215141, 0.0560000017285347, 0.17000000493535838]","[1.4220000505643833, 0.702000018209219, -1.0141999960780612]","[1.4580000638765347, 0.7580000199377537, -0.8441999911427028]",24,12
Wheel spoke.022,14,Cube.132,body,False,"[0.16522432025367406, 0.0560000017285347, 0.11617691207959746]","[1.417387839873163, 0.5980769358575344, -0.9872884496501808]","[1.582612160126837, 0.6540769375860691, -0.8711115375705833]",24,12
Wheel spoke.023,13,Cube.133,body,False,"[0.16522432025367406, 0.0560000017285347, 0.11617691207959746]","[1.5373878446415346, 0.5980769358575344, -0.9872884496501808]","[1.7026121648952086, 0.6540769375860691, -0.8711115375705833]",24,12
Windshield,88,Cube.074,body,False,"[0.29444322352081276, 0.6795244142622519, 1.3799999952316284]","[0.9527784120814515, 1.7602376975014424, -0.6899999976158142]","[1.2472216356022643, 2.4397621117636943, 0.6899999976158142]",24,12
4WD mount bolt,108,Cylinder.067,drivetrain,False,"[0.060621775686740875, 0.07000000029802322, 0.07999999821186066]","[-0.5303108878433704, 0.6049999855458736, -0.5000000074505806]","[-0.46968911215662956, 0.6749999858438969, -0.42000000923871994]",36,20
4WD mount bolt.001,109,Cylinder.066,drivetrain,False,"[0.060621775686740875, 0.07000000029802322, 0.07999999821186066]","[-0.5303108878433704, 0.6049999855458736, 0.42000000923871994]","[-0.46968911215662956, 0.6749999858438969, 0.5000000074505806]",36,20
Cylinder head,224,Cube.037,drivetrain,False,"[0.9599999785423279, 0.20000000298023224, 0.25999999046325684]","[0.5599999725818634, 1.4399999603629112, 0.14000001549720764]","[1.5199999511241913, 1.6399999633431435, 0.4000000059604645]",24,12
Cylinder head.001,222,Cube.039,drivetrain,False,"[0.9599999785423279, 0.20000000298023224, 0.25999999046325684]","[0.5599999725818634, 1.4399999603629112, -0.4000000059604645]","[1.5199999511241913, 1.6399999633431435, -0.14000001549720764]",24,12
Engine block 4.0L V6,225,Cube.036,drivetrain,False,"[1.100000023841858, 0.8399999737739563, 0.7599999904632568]","[0.4999999403953552, 0.6800000369548798, -0.3799999952316284]","[1.5999999642372131, 1.520000010728836, 0.3799999952316284]",24,12
Engine fastener,117,Cylinder.056,drivetrain,False,"[0.060621775686740875, 0.07000000029802322, 0.05999999865889549]","[0.549689095467329, 1.4649999998509884, 0.4899999815970659]","[0.6103108711540699, 1.5350000001490116, 0.5499999802559614]",36,20
Engine fastener.001,116,Cylinder.057,drivetrain,False,"[0.060621775686740875, 0.07000000029802322, 0.05999999865889549]","[0.549689095467329, 1.6650000475347042, 0.4899999815970659]","[0.6103108711540699, 1.7350000478327274, 0.5499999802559614]",36,20
Engine fastener.002,115,Cylinder.058,drivetrain,False,"[0.060621775686740875, 0.07000000029802322, 0.05999999865889549]","[0.549689095467329, 1.4649999998509884, -0.5499999802559614]","[0.6103108711540699, 1.5350000001490116, -0.4899999815970659]",36,20
Engine fastener.003,114,Cylinder.059,drivetrain,False,"[0.060621775686740875, 0.07000000029802322, 0.05999999865889549]","[0.549689095467329, 1.6650000475347042, -0.5499999802559614]","[0.6103108711540699, 1.7350000478327274, -0.4899999815970659]",36,20
Engine fastener.004,113,Cylinder.060,drivetrain,False,"[0.060621775686740875, 0.07000000029802322, 0.05999999865889549]","[1.3896890692412853, 1.4649999998509884, 0.4899999815970659]","[1.4503108449280262, 1.5350000001490116, 0.5499999802559614]",36,20
Engine fastener.005,112,Cylinder.061,drivetrain,False,"[0.060621775686740875, 0.07000000029802322, 0.05999999865889549]","[1.3896890692412853, 1.6650000475347042, 0.4899999815970659]","[1.4503108449280262, 1.7350000478327274, 0.5499999802559614]",36,20
Engine fastener.006,111,Cylinder.062,drivetrain,False,"[0.060621775686740875, 0.07000000029802322, 0.05999999865889549]","[1.3896890692412853, 1.4649999998509884, -0.5499999802559614]","[1.4503108449280262, 1.5350000001490116, -0.4899999815970659]",36,20
Engine fastener.007,110,Cylinder.063,drivetrain,False,"[0.060621775686740875, 0.07000000029802322, 0.05999999865889549]","[1.3896890692412853, 1.6650000475347042, -0.5499999802559614]","[1.4503108449280262, 1.7350000478327274, -0.4899999815970659]",36,20
Exhaust pipe,194,Exhaust pipe,drivetrain,False,"[2.635454297065735, 0.26529908180236816, 0.12000000476837158]","[-2.1263015270233154, 0.34102553129196167, 0.2800000011920929]","[0.5091527700424194, 0.6063246130943298, 0.4000000059604645]",407,720
Frame mount bolt,125,Cylinder.048,drivetrain,False,"[0.07794228941202164, 0.09000000357627869, 0.07999999821186066]","[-1.9889711923897266, 0.5949999839067459, 0.690000019967556]","[-1.911028902977705, 0.6849999874830246, 0.7700000181794167]",36,20
Frame mount bolt.001,124,Cylinder.049,drivetrain,False,"[0.07794228941202164, 0.09000000357627869, 0.07999999821186066]","[-1.9889711923897266, 0.5949999839067459, -0.7700000181794167]","[-1.911028902977705, 0.6849999874830246, -0.690000019967556]",36,20
Frame mount bolt.002,123,Cylinder.050,drivetrain,False,"[0.07794228941202164, 0.09000000357627869, 0.07999999821186066]","[-0.8889711685478687, 0.5949999839067459, 0.690000019967556]","[-0.8110288791358471, 0.6849999874830246, 0.7700000181794167]",36,20
Frame mount bolt.003,122,Cylinder.051,drivetrain,False,"[0.07794228941202164, 0.09000000357627869, 0.07999999821186066]","[-0.8889711685478687, 0.5949999839067459, -0.7700000181794167]","[-0.8110288791358471, 0.6849999874830246, -0.690000019967556]",36,20
Frame mount bolt.004,121,Cylinder.052,drivetrain,False,"[0.07794228941202164, 0.09000000357627869, 0.07999999821186066]","[0.3110288493335247, 0.5949999839067459, 0.690000019967556]","[0.38897113874554634, 0.6849999874830246, 0.7700000181794167]",36,20
Frame mount bolt.005,120,Cylinder.053,drivetrain,False,"[0.07794228941202164, 0.09000000357627869, 0.07999999821186066]","[0.3110288493335247, 0.5949999839067459, -0.7700000181794167]","[0.38897113874554634, 0.6849999874830246, -0.690000019967556]",36,20
Frame mount bolt.006,119,Cylinder.054,drivetrain,False,"[0.07794228941202164, 0.09000000357627869, 0.07999999821186066]","[1.5110288076102734, 0.5949999839067459, 0.690000019967556]","[1.588971097022295, 0.6849999874830246, 0.7700000181794167]",36,20
Frame mount bolt.007,118,Cylinder.055,drivetrain,False,"[0.07794228941202164, 0.09000000357627869, 0.07999999821186066]","[1.5110288076102734, 0.5949999839067459, -0.7700000181794167]","[1.588971097022295, 0.6849999874830246, -0.690000019967556]",36,20
Front differential,162,Cube.063,drivetrain,False,"[0.4000000059604645, 0.3199999928474426, 0.9599999785423279]","[0.8199999779462814, 0.46000000834465027, -0.47999998927116394]","[1.219999983906746, 0.7800000011920929, 0.47999998927116394]",24,12
Front propeller shaft,201,Front propeller shaft,drivetrain,False,"[1.470326006412506, 0.47893524169921875, 0.1300000250339508]","[-0.6423644423484802, 0.5586961507797241, -0.0650000125169754]","[0.8279615640640259, 1.0376313924789429, 0.0650000125169754]",275,480
Intake manifold,215,Cube.042,drivetrain,False,"[0.8999999761581421, 0.25999999046325684, 0.47999998927116394]","[0.5699999928474426, 1.7899999618530273, -0.23999999463558197]","[1.4699999690055847, 2.049999952316284, 0.23999999463558197]",24,12
Label_4.0L V6 engine,10,Label_4.0L V6 engine,drivetrain,True,"[0.6562703847885132, 0.10349476287039727, 0.042985806266995996]","[0.720694899559021, 1.7227009603936367, 0.9206366674239347]","[1.3769652843475342, 1.826195723264034, 0.9636224736909307]",13025,21888
Label_Front differential,2,Label_Front differential,drivetrain,True,"[0.7354799807071686, 0.07712986387773979, 0.03151468025241311]","[0.6528649926185608, 0.8771298513577399, 0.9926445606963881]","[1.3883449733257294, 0.9542597152354797, 1.0241592409488012]",16046,26920
Label_Front propeller shaft,1,Label_Front propeller shaft,drivetrain,True,"[0.9220398962497711, 0.10024850184474743, 0.03902671818889236]","[-0.3368949666619301, 0.7940112110065465, 0.9926445606963881]","[0.585144929587841, 0.8942597128512939, 1.0316712788852804]",18904,31800
Lower radiator hose,216,Lower radiator hose,drivetrain,False,"[0.7898150682449341, 0.16483676433563232, 0.15953877940773964]","[1.169251799583435, 1.0571397542953491, -0.1649441123008728]","[1.9590668678283691, 1.2219765186309814, -0.0054053328931331635]",275,480
Propeller shaft,203,Propeller shaft,drivetrain,False,"[1.4038675129413605, 0.38052040338516235, 0.15000003576278687]","[-1.7889854907989502, 0.6492390036582947, -0.07500001788139343]","[-0.3851179778575897, 1.029759407043457, 0.07500001788139343]",275,480
Radiator,218,Cube.041,drivetrain,False,"[0.14000000059604645, 0.8399999737739563, 1.2999999523162842]","[1.8800000473856926, 1.0500000417232513, -0.6499999761581421]","[2.020000047981739, 1.8900000154972076, 0.6499999761581421]",24,12
Upper radiator hose,217,Upper radiator hose,drivetrain,False,"[0.8002508878707886, 0.253318190574646, 0.15953216701745987]","[1.1671650409698486, 1.7105255126953125, 0.005405344069004059]","[1.9674159288406372, 1.9638437032699585, 0.16493751108646393]",275,480
Fuel filler neck,191,Fuel filler neck,fuel,False,"[0.4554644823074341, 0.6026296615600586, 0.21620309352874756]","[-1.7755365371704102, 0.5805853605270386, -0.763422966003418]","[-1.320072054862976, 1.1832150220870972, -0.5472198724746704]",275,480
Fuel injector,212,Cylinder.035,fuel,False,"[0.05000000074505806, 0.1599999964237213, 0.05000000074505806]","[0.7549999710172415, 1.6400000303983688, 0.24500001035630703]","[0.8049999717622995, 1.8000000268220901, 0.2950000111013651]",192,124
Fuel injector.001,211,Cylinder.036,fuel,False,"[0.05000000074505806, 0.1599999964237213, 0.05000000074505806]","[0.9650000091642141, 1.6400000303983688, 0.24500001035630703]","[1.0150000099092722, 1.8000000268220901, 0.2950000111013651]",192,124
Fuel injector.002,210,Cylinder.037,fuel,False,"[0.05000000074505806, 0.1599999964237213, 0.05000000074505806]","[1.1750000473111868, 1.6400000303983688, 0.24500001035630703]","[1.2250000480562449, 1.8000000268220901, 0.2950000111013651]",192,124
Fuel injector.003,208,Cylinder.038,fuel,False,"[0.05000000074505806, 0.1599999964237213, 0.05000000074505806]","[0.7549999710172415, 1.6400000303983688, -0.2950000111013651]","[0.8049999717622995, 1.8000000268220901, -0.24500001035630703]",192,124
Fuel injector.004,207,Cylinder.039,fuel,False,"[0.05000000074505806, 0.1599999964237213, 0.05000000074505806]","[0.9650000091642141, 1.6400000303983688, -0.2950000111013651]","[1.0150000099092722, 1.8000000268220901, -0.24500001035630703]",192,124
Fuel injector.005,206,Cylinder.040,fuel,False,"[0.05000000074505806, 0.1599999964237213, 0.05000000074505806]","[1.1750000473111868, 1.6400000303983688, -0.2950000111013651]","[1.2250000480562449, 1.8000000268220901, -0.24500001035630703]",192,124
Fuel rail,213,Fuel rail,fuel,False,"[0.600792407989502, 0.057546138763427734, 0.050000011920928955]","[0.699603796005249, 1.756226897239685, 0.24500000476837158]","[1.300396203994751, 1.8137730360031128, 0.29500001668930054]",143,240
Fuel rail.001,209,Fuel rail.001,fuel,False,"[0.600792407989502, 0.057546138763427734, 0.050000011920928955]","[0.699603796005249, 1.756226897239685, -0.29500001668930054]","[1.300396203994751, 1.8137730360031128, -0.24500000476837158]",143,240
Fuel tank,192,Cube.047,fuel,False,"[1.0, 0.30000001192092896, 1.100000023841858]","[-1.2799999713897705, 0.3699999749660492, -0.550000011920929]","[-0.2799999713897705, 0.6699999868869781, 0.550000011920929]",24,12
Label_2WD | V6 4.0L | VIN K | FLEX FUEL,11,Label_2WD | V6 4.0L | VIN K | FLEX FUEL,fuel,True,"[1.952829897403717, 0.1210119839289181, 0.04867776666945445]","[-0.976349949836731, 2.788327273939589, 1.5163660177652696]","[0.9764799475669861, 2.909339257868507, 1.565043784434724]",8266,13484
Steering wheel,102,Cylinder.047,steering,False,"[0.3799999952316284, 0.3799999952316284, 0.02500000037252903]","[0.6499999761581421, 1.60999995470047, 0.337499993853271]","[1.0299999713897705, 1.9899999499320984, 0.36249999422580004]",192,124
Brake disc,175,Cylinder.025,suspension,False,"[0.36000001430511475, 0.36000001430511475, 0.02500000037252903]","[1.3699999451637268, 0.5400000214576721, -0.913400006480515]","[1.7299999594688416, 0.9000000357627869, -0.888400006107986]",192,124
Brake disc.001,187,Cylinder.001,suspension,False,"[0.36000001430511475, 0.36000001430511475, 0.02500000037252903]","[-1.800000011920929, 0.5400000214576721, 0.888400006107986]","[-1.4399999976158142, 0.9000000357627869, 0.913400006480515]",192,124
Brake disc.002,183,Cylinder.009,suspension,False,"[0.36000001430511475, 0.36000001430511475, 0.02500000037252903]","[-1.800000011920929, 0.5400000214576721, -0.913400006480515]","[-1.4399999976158142, 0.9000000357627869, -0.888400006107986]",192,124
Brake disc.003,179,Cylinder.017,suspension,False,"[0.36000001430511475, 0.36000001430511475, 0.02500000037252903]","[1.3699999451637268, 0.5400000214576721, 0.888400006107986]","[1.7299999594688416, 0.9000000357627869, 0.913400006480515]",192,124
Label_Rear axle / 2WD,8,Label_Rear axle / 2WD,suspension,True,"[0.7536537945270538, 0.07970531094296118, 0.035402949242279935]","[-1.9251199960708618, 0.8458205896524807, 0.9207073842731973]","[-1.171466201543808, 0.9255259005954419, 0.9561103335154773]",11389,19108
Rear axle housing,173,Cube.044,suspension,False,"[0.4000000059604645, 0.36000001430511475, 1.399999976158142]","[-1.8200000077486038, 0.48000001907348633, -0.699999988079071]","[-1.4200000017881393, 0.8400000333786011, 0.699999988079071]",24,12
Rear axle shaft,172,Rear axle shaft,suspension,False,"[0.1099998950958252, 0.16360777616500854, 0.4434906244277954]","[-1.6749999523162842, 0.6081961393356323, 0.22375470399856567]","[-1.565000057220459, 0.7718039155006409, 0.6672453284263611]",143,240
Rear axle shaft.001,171,Rear axle shaft.001,suspension,False,"[0.1100001335144043, 0.16360777616500854, 0.4434906244277954]","[-1.6750000715255737, 0.6081961393356323, -0.6672453284263611]","[-1.5649999380111694, 0.7718039155006409, -0.22375470399856567]",143,240
Shock absorber,169,Cylinder.042,suspension,False,"[0.20739385821826817, 0.49238112395712097, 0.10999999940395355]","[-1.7236969338775057, 0.7038094261005106, 0.5650000050663948]","[-1.5163030756592375, 1.1961905500576315, 0.6750000044703484]",192,124
Shock absorber.001,168,Cylinder.043,suspension,False,"[0.20739385821826817, 0.49238112395712097, 0.10999999940395355]","[-1.7236969338775057, 0.7038094261005106, -0.6750000044703484]","[-1.5163030756592375, 1.1961905500576315, -0.5650000050663948]",192,124
Shock absorber.002,166,Cylinder.044,suspension,False,"[0.20739385821826817, 0.49238112395712097, 0.10999999940395355]","[1.44630302320715, 0.7038094261005106, 0.5650000050663948]","[1.6536968814254183, 1.1961905500576315, 0.6750000044703484]",192,124
Shock absorber.003,165,Cylinder.045,suspension,False,"[0.20739385821826817, 0.49238112395712097, 0.10999999940395355]","[1.44630302320715, 0.7038094261005106, -0.6750000044703484]","[1.6536968814254183, 1.1961905500576315, -0.5650000050663948]",192,124
Suspension control arm,170,Cube.045,suspension,False,"[0.20000000298023224, 0.14000000059604645, 1.2999999523162842]","[-1.7200000062584877, 0.48000001162290573, -0.6499999761581421]","[-1.5200000032782555, 0.6200000122189522, 0.6499999761581421]",24,12
Suspension control arm.001,167,Cube.046,suspension,False,"[0.20000000298023224, 0.14000000059604645, 1.2999999523162842]","[1.449999950826168, 0.48000001162290573, -0.6499999761581421]","[1.6499999538064003, 0.6200000122189522, 0.6499999761581421]",24,12
Wheel hub,186,Cylinder.002,suspension,False,"[0.12999999523162842, 0.12999999523162842, 0.15000000596046448]","[-1.6850000023841858, 0.6550000309944153, 0.8440999835729599]","[-1.5550000071525574, 0.7850000262260437, 0.9940999895334244]",192,124
Wheel hub.001,182,Cylinder.010,suspension,False,"[0.12999999523162842, 0.12999999523162842, 0.15000000596046448]","[-1.6850000023841858, 0.6550000309944153, -0.9940999895334244]","[-1.5550000071525574, 0.7850000262260437, -0.8440999835729599]",192,124
Wheel hub.002,178,Cylinder.018,suspension,False,"[0.12999999523162842, 0.12999999523162842, 0.15000000596046448]","[1.48499995470047, 0.6550000309944153, 0.8440999835729599]","[1.6149999499320984, 0.7850000262260437, 0.9940999895334244]",192,124
Wheel hub.003,174,Cylinder.026,suspension,False,"[0.12999999523162842, 0.12999999523162842, 0.15000000596046448]","[1.48499995470047, 0.6550000309944153, -0.9940999895334244]","[1.6149999499320984, 0.7850000262260437, -0.8440999835729599]",192,124
4WD transfer case,202,Cube,transmission,False,"[0.47999998927116394, 0.47999998927116394, 0.6000000238418579]","[-0.7199999839067459, 0.7400000244379044, -0.30000001192092896]","[-0.23999999463558197, 1.2200000137090683, 0.30000001192092896]",24,12
5R55E automatic transmission,205,Cube.043,transmission,False,"[1.100000023841858, 0.6000000238418579, 0.699999988079071]","[-0.43000001460313797, 0.6800000071525574, -0.3499999940395355]","[0.6700000092387199, 1.2800000309944153, 0.3499999940395355]",24,12
Label_4WD transfer case,3,Label_4WD transfer case,transmission,True,"[0.8489302396774292, 0.0771292270303745, 0.031514613016437654]","[-0.905655026435852, 1.297130445289761, 0.9926445606963881]","[-0.05672478675842285, 1.3742596723201355, 1.0241591737128257]",18169,30660
Label_5R55E automatic transmission,9,Label_5R55E automatic transmission,transmission,True,"[1.3373099565505981, 0.07876504256647743, 0.03509715819084769]","[-0.5692599639296532, 1.175819239663805, 0.9210133097606064]","[0.768049992620945, 1.2545842822302824, 0.956110467951454]",32954,55660
Transfer case crossmember,190,Cube.064,transmission,False,"[0.23999999463558197, 0.11999999731779099, 1.2799999713897705]","[-0.619999997317791, 0.4800000227987766, -0.6399999856948853]","[-0.380000002682209, 0.6000000201165676, 0.6399999856948853]",24,12
Transmission output,204,Cylinder.041,transmission,False,"[0.30000001192092896, 0.18000000715255737, 0.18000000715255737]","[-0.6500000059604645, 0.8900000154972076, -0.09000000357627869]","[-0.3499999940395355, 1.070000022649765, 0.09000000357627869]",192,124
ABS harness,154,ABS harness,wiring,False,"[1.7622108459472656, 0.29562538862228394, 0.21277713775634766]","[-0.2018885612487793, 0.6026340126991272, 0.6619690656661987]","[1.5603222846984863, 0.8982594013214111, 0.8747462034225464]",407,720
ABS harness connector,152,Cube.056,wiring,False,"[0.09000000357627869, 0.07000000029802322, 0.07000000029802322]","[-0.24500000476837158, 0.58500000461936, 0.6850000284612179]","[-0.1550000011920929, 0.6550000049173832, 0.7550000287592411]",24,12
ABS harness connector.001,153,Cube.055,wiring,False,"[0.09000000357627869, 0.07000000029802322, 0.07000000029802322]","[1.5049999505281448, 0.8150000236928463, 0.8250000141561031]","[1.5949999541044235, 0.8850000239908695, 0.8950000144541264]",24,12
Body harness,151,Body harness,wiring,False,"[2.206534504890442, 0.21679973602294922, 0.03600000590085983]","[-1.2525393962860107, 1.7130703926086426, -0.018000002950429916]","[0.9539951086044312, 1.9298701286315918, 0.018000002950429916]",407,720
Body harness connector,149,Cube.058,wiring,False,"[0.09000000357627869, 0.07000000029802322, 0.07000000029802322]","[-1.2950000017881393, 1.6950000189244747, -0.03500000014901161]","[-1.2049999982118607, 1.765000019222498, 0.03500000014901161]",24,12
Body harness connector.001,150,Cube.057,wiring,False,"[0.09000000357627869, 0.07000000029802322, 0.07000000029802322]","[0.9049999862909317, 1.744999971240759, -0.03500000014901161]","[0.9949999898672104, 1.8149999715387821, 0.03500000014901161]",24,12
Engine harness,157,Engine harness,wiring,False,"[1.1144282817840576, 0.2943854331970215, 0.173366516828537]","[0.6906224489212036, 1.5029932260513306, 0.4031263291835785]","[1.8050507307052612, 1.797378659248352, 0.5764928460121155]",407,720
Engine harness connector,156,Cube.053,wiring,False,"[0.09000000357627869, 0.07000000029802322, 0.07000000029802322]","[0.6549999862909317, 1.5650000236928463, 0.38499998673796654]","[0.7449999898672104, 1.6350000239908695, 0.45499998703598976]",24,12
Engine harness connector.001,155,Cube.054,wiring,False,"[0.09000000357627869, 0.07000000029802322, 0.07000000029802322]","[1.7549999505281448, 1.484999980777502, 0.41499998793005943]","[1.8449999541044235, 1.5549999810755253, 0.48499998822808266]",24,12
Label_Body harness,7,Label_Body harness,wiring,True,"[0.5867834985256195, 0.1018821324806578, 0.042609032696060645]","[-0.29146504402160645, 1.9227022498854276, 0.9210133097606064]","[0.29531845450401306, 2.0245843823660854, 0.963622342456667]",14176,23932
Rear lamp harness,148,Rear lamp harness,wiring,False,"[1.2142813205718994, 0.54194176197052, 0.16187018156051636]","[-2.1570608615875244, 0.8240630626678467, -0.7442197799682617]","[-0.942779541015625, 1.3660048246383667, -0.5823495984077454]",275,480
Rear lamp harness connector,147,Cube.059,wiring,False,"[0.09000000357627869, 0.07000000029802322, 0.07000000029802322]","[-0.9949999898672104, 0.8049999736249447, -0.6350000239908695]","[-0.9049999862909317, 0.8749999739229679, -0.5650000236928463]",24,12
Rear lamp harness connector.001,146,Cube.060,wiring,False,"[0.09000000357627869, 0.07000000029802322, 0.07000000029802322]","[-2.195000097155571, 1.3150000236928463, -0.7349999882280827]","[-2.1050000935792923, 1.3850000239908695, -0.6649999879300594]",24,12
