source_layer,source_file,source_name,source_node_index,source_mesh,system,is_guide,dimensions_m,bounds_min_m,bounds_max_m,vertex_count,face_count
body,/home/ubuntu/ford-glb-body-test/parts_list.csv,A pillar,72,A pillar,body,False,"[0.28640031705103075, 0.86407723435984, 0.07000000029802322]","[0.7967998390902988, 1.5479614018935663, -0.8900000192224979]","[1.0832001561413296, 2.4120386362534063, -0.8200000189244747]",24,12
body,/home/ubuntu/ford-glb-body-test/parts_list.csv,A pillar.001,67,A pillar.001,body,False,"[0.28640031705103075, 0.86407723435984, 0.07000000029802322]","[0.7967998390902988, 1.5479614018935663, 0.8200000189244747]","[1.0832001561413296, 2.4120386362534063, 0.8900000192224979]",24,12
body,/home/ubuntu/ford-glb-body-test/parts_list.csv,Amber turn signal,96,Amber turn signal,body,False,"[0.07599999755620956, 0.30000001192092896, 0.10999999940395355]","[2.481999982148409, 1.5299999415874481, -0.4293999895453453]","[2.5579999797046185, 1.829999953508377, -0.31939999014139175]",24,12
body,/home/ubuntu/ford-glb-body-test/parts_list.csv,Amber turn signal.001,93,Amber turn signal.001,body,False,"[0.07599999755620956, 0.30000001192092896, 0.10999999940395355]","[2.481999982148409, 1.5299999415874481, 0.31939999014139175]","[2.5579999797046185, 1.829999953508377, 0.4293999895453453]",24,12
body,/home/ubuntu/ford-glb-body-test/parts_list.csv,B pillar,73,B pillar,body,False,"[0.10999999940395355, 0.8600000143051147, 0.07000000029802322]","[-0.004999998956918716, 1.5699999928474426, -0.8900000192224979]","[0.10500000044703484, 2.4300000071525574, -0.8200000189244747]",24,12
body,/home/ubuntu/ford-glb-body-test/parts_list.csv,B pillar.001,68,B pillar.001,body,False,"[0.10999999940395355, 0.8600000143051147, 0.07000000029802322]","[-0.004999998956918716, 1.5699999928474426, 0.8200000189244747]","[0.10500000044703484, 2.4300000071525574, 0.8900000192224979]",24,12
body,/home/ubuntu/ford-glb-body-test/parts_list.csv,Bed floor,54,Bed floor,body,False,"[1.559999942779541, 0.07000000029802322, 1.5399999618530273]","[-2.3299999237060547, 1.744999971240759, -0.7699999809265137]","[-0.7699999809265137, 1.8149999715387821, 0.7699999809265137]",24,12
body,/home/ubuntu/ford-glb-body-test/parts_list.csv,Bed tonneau cover,55,Bed tonneau cover,body,False,"[1.600000023841858, 0.09000000357627869, 1.600000023841858]","[-2.349999964237213, 1.834999993443489, -0.800000011920929]","[-0.7499999403953552, 1.9249999970197678, 0.800000011920929]",24,12
body,/home/ubuntu/ford-glb-body-test/parts_list.csv,Black honeycomb grille,91,Black honeycomb grille,body,False,"[0.05000000074505806, 0.4000000059604645, 0.9599999785423279]","[2.4900001045316458, 1.280000016093254, -0.47999998927116394]","[2.540000105276704, 1.6800000220537186, 0.47999998927116394]",24,12
body,/home/ubuntu/ford-glb-body-test/parts_list.csv,Black running board,90,Black running board,body,False,"[2.700000047683716, 0.14000000059604645, 0.20000000298023224]","[-1.400000024586916, 0.6500000283122063, -0.7448000088334084]","[1.3000000230967999, 0.7900000289082527, -0.5448000058531761]",24,12
body,/home/ubuntu/ford-glb-body-test/parts_list.csv,Black running board.001,88,Black running board.001,body,False,"[2.700000047683716, 0.14000000059604645, 0.20000000298023224]","[-1.400000024586916, 0.6500000283122063, 0.5448000058531761]","[1.3000000230967999, 0.7900000289082527, 0.7448000088334084]",24,12
body,/home/ubuntu/ford-glb-body-test/parts_list.csv,C pillar,74,C pillar,body,False,"[0.2773624172532574, 0.8695089444955757, 0.07000000029802322]","[-0.8586812372368582, 1.5452455468256985, -0.8900000192224979]","[-0.5813188199836008, 2.414754491321274, -0.8200000189244747]",24,12
body,/home/ubuntu/ford-glb-body-test/parts_list.csv,C pillar.001,69,C pillar.001,body,False,"[0.2773624172532574, 0.8695089444955757, 0.07000000029802322]","[-0.8586812372368582, 1.5452455468256985, 0.8200000189244747]","[-0.5813188199836008, 2.414754491321274, 0.8900000192224979]",24,12
body,/home/ubuntu/ford-glb-body-test/parts_list.csv,Cooling fan,3,Cooling fan,body,False,"[0.05000000074505806, 0.5400000214576721, 0.5400000214576721]","[1.6149999853223562, 1.2799999415874481, -0.27000001072883606]","[1.6649999860674143, 1.8199999630451202, 0.27000001072883606]",192,124
body,/home/ubuntu/ford-glb-body-test/parts_list.csv,Crank pulley,2,Crank pulley,body,False,"[0.07999999821186066, 0.3400000035762787, 0.3400000035762787]","[0.3999999985098839, 0.9300000220537186, -0.17000000178813934]","[0.47999999672174454, 1.2700000256299973, 0.17000000178813934]",192,124
body,/home/ubuntu/ford-glb-body-test/parts_list.csv,Crew cab roof and pillars,52,Crew cab roof and pillars,body,False,"[2.700000047683716, 1.2400000095367432, 1.6799999475479126]","[-0.8300000429153442, 1.2100000381469727, -0.8399999737739563]","[1.8700000047683716, 2.450000047683716, 0.8399999737739563]",24,12
body,/home/ubuntu/ford-glb-body-test/parts_list.csv,Crossmember,10,Crossmember,body,False,"[0.20000000298023224, 0.1599999964237213, 1.559999942779541]","[1.549999974668026, 0.39000000059604645, -0.7799999713897705]","[1.7499999776482582, 0.5499999970197678, 0.7799999713897705]",24,12
body,/home/ubuntu/ford-glb-body-test/parts_list.csv,Crossmember.001,7,Crossmember.001,body,False,"[0.20000000298023224, 0.1599999964237213, 1.559999942779541]","[-1.8200000301003456, 0.39000000059604645, -0.7799999713897705]","[-1.6200000271201134, 0.5499999970197678, 0.7799999713897705]",24,12
body,/home/ubuntu/ford-glb-body-test/parts_list.csv,Crossmember.002,8,Crossmember.002,body,False,"[0.20000000298023224, 0.1599999964237213, 1.559999942779541]","[-0.8500000014901161, 0.39000000059604645, -0.7799999713897705]","[-0.6499999985098839, 0.5499999970197678, 0.7799999713897705]",24,12
body,/home/ubuntu/ford-glb-body-test/parts_list.csv,Crossmember.003,9,Crossmember.003,body,False,"[0.20000000298023224, 0.1599999964237213, 1.559999942779541]","[0.3499999865889549, 0.39000000059604645, -0.7799999713897705]","[0.5499999895691872, 0.5499999970197678, 0.7799999713897705]",24,12
body,/home/ubuntu/ford-glb-body-test/parts_list.csv,Door handle,77,Door handle,body,False,"[0.17000000178813934, 0.05000000074505806, 0.05000000074505806]","[0.4949999824166298, 1.6049999948590994, 0.872599994763732]","[0.6649999842047691, 1.6549999956041574, 0.92259999550879]",24,12
body,/home/ubuntu/ford-glb-body-test/parts_list.csv,Door handle.001,80,Door handle.001,body,False,"[0.17000000178813934, 0.05000000074505806, 0.05000000074505806]","[0.4949999824166298, 1.6049999948590994, -0.92259999550879]","[0.6649999842047691, 1.6549999956041574, -0.872599994763732]",24,12
body,/home/ubuntu/ford-glb-body-test/parts_list.csv,Door handle.002,83,Door handle.002,body,False,"[0.17000000178813934, 0.05000000074505806, 0.05000000074505806]","[-0.33500000089406967, 1.6049999948590994, 0.872599994763732]","[-0.16499999910593033, 1.6549999956041574, 0.92259999550879]",24,12
body,/home/ubuntu/ford-glb-body-test/parts_list.csv,Door handle.003,86,Door handle.003,body,False,"[0.17000000178813934, 0.05000000074505806, 0.05000000074505806]","[-0.33500000089406967, 1.6049999948590994, -0.92259999550879]","[-0.16499999910593033, 1.6549999956041574, -0.872599994763732]",24,12
body,/home/ubuntu/ford-glb-body-test/parts_list.csv,Door lower protective molding,76,Door lower protective molding,body,False,"[0.7200000286102295, 0.07000000029802322, 0.04399999976158142]","[0.1199999749660492, 1.08500000461936, 0.862400010228157]","[0.8400000035762787, 1.1550000049173832, 0.9064000099897385]",24,12
body,/home/ubuntu/ford-glb-body-test/parts_list.csv,Door lower protective molding.001,79,Door lower protective molding.001,body,False,"[0.7200000286102295, 0.07000000029802322, 0.04399999976158142]","[0.1199999749660492, 1.08500000461936, -0.9064000099897385]","[0.8400000035762787, 1.1550000049173832, -0.862400010228157]",24,12
body,/home/ubuntu/ford-glb-body-test/parts_list.csv,Door lower protective molding.002,82,Door lower protective molding.002,body,False,"[0.7200000286102295, 0.07000000029802322, 0.04399999976158142]","[-0.7100000083446503, 1.08500000461936, 0.862400010228157]","[0.010000020265579224, 1.1550000049173832, 0.9064000099897385]",24,12
body,/home/ubuntu/ford-glb-body-test/parts_list.csv,Door lower protective molding.003,85,Door lower protective molding.003,body,False,"[0.7200000286102295, 0.07000000029802322, 0.04399999976158142]","[-0.7100000083446503, 1.08500000461936, -0.9064000099897385]","[0.010000020265579224, 1.1550000049173832, -0.862400010228157]",24,12
body,/home/ubuntu/ford-glb-body-test/parts_list.csv,Ford oval badge,98,Ford oval badge,body,False,"[0.029999999329447746, 0.10999999940395355, 0.23999999463558197]","[2.5349999526515603, 1.4350000098347664, -0.11999999731779099]","[2.564999951981008, 1.54500000923872, 0.11999999731779099]",24,12
body,/home/ubuntu/ford-glb-body-test/parts_list.csv,Frame left rail,5,Frame left rail,body,False,"[4.900000095367432, 0.18000000715255737, 0.15000000596046448]","[-2.450000047683716, 0.38999998569488525, 0.6550000160932541]","[2.450000047683716, 0.5699999928474426, 0.8050000220537186]",24,12
body,/home/ubuntu/ford-glb-body-test/parts_list.csv,Frame right rail,6,Frame right rail,body,False,"[4.900000095367432, 0.18000000715255737, 0.15000000596046448]","[-2.450000047683716, 0.38999998569488525, -0.8050000220537186]","[2.450000047683716, 0.5699999928474426, -0.6550000160932541]",24,12
body,/home/ubuntu/ford-glb-body-test/parts_list.csv,Front CV joint,23,Front CV joint,body,False,"[0.15000000596046448, 0.15000000596046448, 0.11999999731779099]","[1.3950000256299973, 0.6249999850988388, 0.3172000087797642]","[1.5450000315904617, 0.7749999910593033, 0.43720000609755516]",192,124
body,/home/ubuntu/ford-glb-body-test/parts_list.csv,Front CV joint.001,25,Front CV joint.001,body,False,"[0.15000000596046448, 0.15000000596046448, 0.11999999731779099]","[1.3950000256299973, 0.6249999850988388, -0.43720000609755516]","[1.5450000315904617, 0.7749999910593033, -0.3172000087797642]",192,124
body,/home/ubuntu/ford-glb-body-test/parts_list.csv,Front fascia,57,Front fascia,body,False,"[0.3199999928474426, 0.8399999737739563, 1.7200000286102295]","[2.17999991774559, 0.7599999606609344, -0.8600000143051147]","[2.499999910593033, 1.5999999344348907, 0.8600000143051147]",24,12
body,/home/ubuntu/ford-glb-body-test/parts_list.csv,Front halfshaft,22,Front halfshaft,body,False,"[0.5829249620437622, 0.18441271781921387, 0.46381937712430954]","[0.9920909404754639, 0.5774067640304565, -0.03529994934797287]","[1.575015902519226, 0.7618194818496704, 0.42851942777633667]",275,480
body,/home/ubuntu/ford-glb-body-test/parts_list.csv,Front halfshaft.001,24,Front halfshaft.001,body,False,"[0.5829249620437622, 0.18441277742385864, 0.46381938457489014]","[0.9920909404754639, 0.5774067044258118, -0.42851942777633667]","[1.575015902519226, 0.7618194818496704, 0.03529995679855347]",275,480
body,/home/ubuntu/ford-glb-body-test/parts_list.csv,Front seat,47,Front seat,body,False,"[0.7200000286102295, 0.4399999976158142, 0.6000000238418579]","[-0.3100000135600567, 1.079999953508377, 0.09999999403953552]","[0.4100000150501728, 1.5199999511241913, 0.7000000178813934]",24,12
body,/home/ubuntu/ford-glb-body-test/parts_list.csv,Front seat back,48,Front seat back,body,False,"[0.20000000298023224, 0.6800000071525574, 0.6000000238418579]","[-0.020000003278255463, 1.3099999725818634, 0.09999999403953552]","[0.17999999970197678, 1.9899999797344208, 0.7000000178813934]",24,12
body,/home/ubuntu/ford-glb-body-test/parts_list.csv,Front seat back.001,50,Front seat back.001,body,False,"[0.20000000298023224, 0.6800000071525574, 0.6000000238418579]","[-0.020000003278255463, 1.3099999725818634, -0.7000000178813934]","[0.17999999970197678, 1.9899999797344208, -0.09999999403953552]",24,12
body,/home/ubuntu/ford-glb-body-test/parts_list.csv,Front seat.001,49,Front seat.001,body,False,"[0.7200000286102295, 0.4399999976158142, 0.6000000238418579]","[-0.3100000135600567, 1.079999953508377, -0.7000000178813934]","[0.4100000150501728, 1.5199999511241913, -0.09999999403953552]",24,12
body,/home/ubuntu/ford-glb-body-test/parts_list.csv,Front side window,65,Front side window,body,False,"[0.7799999713897705, 0.6200000047683716, 0.05000000074505806]","[0.09000000357627869, 1.7099999785423279, 0.8300000187009573]","[0.8699999749660492, 2.3299999833106995, 0.8800000194460154]",24,12
body,/home/ubuntu/ford-glb-body-test/parts_list.csv,Front side window.001,70,Front side window.001,body,False,"[0.7799999713897705, 0.6200000047683716, 0.05000000074505806]","[0.09000000357627869, 1.7099999785423279, -0.8800000194460154]","[0.8699999749660492, 2.3299999833106995, -0.8300000187009573]",24,12
body,/home/ubuntu/ford-glb-body-test/parts_list.csv,Front stabilizer bar,20,Front stabilizer bar,body,False,"[0.7274680137634277, 0.12757626175880432, 0.3866874873638153]","[0.8429826498031616, 0.46539321541786194, 0.36171624064445496]","[1.5704506635665894, 0.5929694771766663, 0.7484037280082703]",275,480
body,/home/ubuntu/ford-glb-body-test/parts_list.csv,Front stabilizer bar.001,21,Front stabilizer bar.001,body,False,"[0.7274680137634277, 0.12757626175880432, 0.3866874873638153]","[0.8429826498031616, 0.46539321541786194, -0.7484037280082703]","[1.5704506635665894, 0.5929694771766663, -0.36171624064445496]",275,480
body,/home/ubuntu/ford-glb-body-test/parts_list.csv,Headlight housing,92,Headlight housing,body,False,"[0.07000000029802322, 0.3199999928474426, 0.47999998927116394]","[2.4749999903142452, 1.5199999511241913, 0.2799999862909317]","[2.5449999906122684, 1.839999943971634, 0.7599999755620956]",24,12
body,/home/ubuntu/ford-glb-body-test/parts_list.csv,Headlight housing.001,95,Headlight housing.001,body,False,"[0.07000000029802322, 0.3199999928474426, 0.47999998927116394]","[2.4749999903142452, 1.5199999511241913, -0.7599999755620956]","[2.5449999906122684, 1.839999943971634, -0.2799999862909317]",24,12
body,/home/ubuntu/ford-glb-body-test/parts_list.csv,Instrument panel,46,Instrument panel,body,False,"[0.36000001430511475, 0.3199999928474426, 1.440000057220459]","[0.699999988079071, 1.820000022649765, -0.7200000286102295]","[1.0600000023841858, 2.1400000154972076, 0.7200000286102295]",24,12
body,/home/ubuntu/ford-glb-body-test/parts_list.csv,Label_2 m reference,143,Label_2 m reference,body,True,"[0.5696803629398346, 0.07308651730390311, 0.0332524069244684]","[-0.2847500443458557, 0.1959067787921094, 1.6928300906694078]","[0.2849303185939789, 0.2689932960960125, 1.7260824975938762]",13024,21980
body,/home/ubuntu/ford-glb-body-test/parts_list.csv,Label_2004 FORD EXPLORER SPORT TRAC,140,Label_2004 FORD EXPLORER SPORT TRAC,body,True,"[3.8440001010894775, 0.1662641615063456, 0.06352482989676855]","[-1.923319935798645, 3.094702288259216, 1.4929475926539977]","[1.9206801652908325, 3.2609664497655615, 1.5564724225507662]",21764,36416
body,/home/ubuntu/ford-glb-body-test/parts_list.csv,Label_Frame rail,141,Label_Frame rail,body,True,"[0.43740008771419525, 0.07876376887174696, 0.03509702375487089]","[-0.21809504926204681, 0.5458205777315518, 0.9210133097606064]","[0.21930503845214844, 0.6245843466032988, 0.9561103335154773]",10376,17492
body,/home/ubuntu/ford-glb-body-test/parts_list.csv,Long hood,56,Long hood,body,False,"[1.7281100196624273, 0.28974375474586833, 1.659999966621399]","[0.6059450187790159, 1.835128141700552, -0.8299999833106995]","[2.334055038441443, 2.1248718964464204, 0.8299999833106995]",24,12
body,/home/ubuntu/ford-glb-body-test/parts_list.csv,Lower dark bumper,58,Lower dark bumper,body,False,"[0.23999999463558197, 0.3199999928474426, 1.7599999904632568]","[2.3400000408291817, 0.7100000083446503, -0.8799999952316284]","[2.5800000354647636, 1.030000001192093, 0.8799999952316284]",24,12
body,/home/ubuntu/ford-glb-body-test/parts_list.csv,Lower rocker and body shell,51,Lower rocker and body shell,body,False,"[4.960000038146973, 0.6800000071525574, 1.7599999904632568]","[-2.4800000190734863, 0.6599999964237213, -0.8799999952316284]","[2.4800000190734863, 1.3400000035762787, 0.8799999952316284]",24,12
body,/home/ubuntu/ford-glb-body-test/parts_list.csv,Muffler,11,Muffler,body,False,"[0.5199999809265137, 0.2800000011920929, 0.2800000011920929]","[-1.4399999380111694, 0.2799999862909317, 0.20000000298023224]","[-0.9199999570846558, 0.5599999874830246, 0.48000000417232513]",192,124
body,/home/ubuntu/ford-glb-body-test/parts_list.csv,Pickup bed side structure,53,Pickup bed side structure,body,False,"[1.7200000286102295, 0.9800000190734863, 1.7200000286102295]","[-2.409999966621399, 0.8500000238418579, -0.8600000143051147]","[-0.6899999380111694, 1.8300000429153442, 0.8600000143051147]",24,12
body,/home/ubuntu/ford-glb-body-test/parts_list.csv,Rear dark bumper,59,Rear dark bumper,body,False,"[0.23999999463558197, 0.30000001192092896, 1.7599999904632568]","[-2.5900000259280205, 0.7700000107288361, -0.8799999952316284]","[-2.3500000312924385, 1.070000022649765, 0.8799999952316284]",24,12
body,/home/ubuntu/ford-glb-body-test/parts_list.csv,Rear side window,66,Rear side window,body,False,"[0.800000011920929, 0.6200000047683716, 0.05000000074505806]","[-0.7100000083446503, 1.7099999785423279, 0.8300000187009573]","[0.09000000357627869, 2.3299999833106995, 0.8800000194460154]",24,12
body,/home/ubuntu/ford-glb-body-test/parts_list.csv,Rear side window.001,71,Rear side window.001,body,False,"[0.800000011920929, 0.6200000047683716, 0.05000000074505806]","[-0.7100000083446503, 1.7099999785423279, -0.8800000194460154]","[0.09000000357627869, 2.3299999833106995, -0.8300000187009573]",24,12
body,/home/ubuntu/ford-glb-body-test/parts_list.csv,Roof rail,87,Roof rail,body,False,"[2.4000000953674316, 0.09000000357627869, 0.07000000029802322]","[-1.2000000476837158, 2.5149999409914017, 0.58500000461936]","[1.2000000476837158, 2.6049999445676804, 0.6550000049173832]",24,12
body,/home/ubuntu/ford-glb-body-test/parts_list.csv,Roof rail.001,89,Roof rail.001,body,False,"[2.4000000953674316, 0.09000000357627869, 0.07000000029802322]","[-1.2000000476837158, 2.5149999409914017, -0.6550000049173832]","[1.2000000476837158, 2.6049999445676804, -0.58500000461936]",24,12
body,/home/ubuntu/ford-glb-body-test/parts_list.csv,Round fog lamp,94,Round fog lamp,body,False,"[0.03500000014901161, 0.1899999976158142, 0.1899999976158142]","[2.5175000857561827, 0.9249999821186066, 0.24819999933242798]","[2.5525000859051943, 1.1149999797344208, 0.4381999969482422]",288,188
body,/home/ubuntu/ford-glb-body-test/parts_list.csv,Round fog lamp.001,97,Round fog lamp.001,body,False,"[0.03500000014901161, 0.1899999976158142, 0.1899999976158142]","[2.5175000857561827, 0.9249999821186066, -0.4381999969482422]","[2.5525000859051943, 1.1149999797344208, -0.24819999933242798]",288,188
body,/home/ubuntu/ford-glb-body-test/parts_list.csv,Rounded wheel arch fender,63,Rounded wheel arch fender,body,False,"[0.9600006639957428, 1.059999942779541, 0.20000021904706955]","[1.0799994468688965, 0.33000004291534424, -0.9400001093745232]","[2.0400001108646393, 1.3899999856948853, -0.7399998903274536]",4512,2208
body,/home/ubuntu/ford-glb-body-test/parts_list.csv,Rounded wheel arch fender.001,60,Rounded wheel arch fender.001,body,False,"[0.9600006639957428, 1.059999942779541, 0.20000021904706955]","[-2.100000500679016, 0.33000004291534424, 0.7399998381733894]","[-1.1399998366832733, 1.3899999856948853, 0.940000057220459]",4512,2208
body,/home/ubuntu/ford-glb-body-test/parts_list.csv,Rounded wheel arch fender.002,61,Rounded wheel arch fender.002,body,False,"[0.9600006639957428, 1.059999942779541, 0.20000021904706955]","[-2.100000500679016, 0.33000004291534424, -0.9400001093745232]","[-1.1399998366832733, 1.3899999856948853, -0.7399998903274536]",4512,2208
body,/home/ubuntu/ford-glb-body-test/parts_list.csv,Rounded wheel arch fender.003,62,Rounded wheel arch fender.003,body,False,"[0.9600006639957428, 1.059999942779541, 0.20000021904706955]","[1.0799994468688965, 0.33000004291534424, 0.7399998381733894]","[2.0400001108646393, 1.3899999856948853, 0.940000057220459]",4512,2208
body,/home/ubuntu/ford-glb-body-test/parts_list.csv,Scale bar,142,Scale bar,body,True,"[2.0, 0.035999998450279236, 0.035999998450279236]","[-1.0, 0.12200000137090683, 1.7020000293850899]","[1.0, 0.15799999982118607, 1.738000027835369]",24,12
body,/home/ubuntu/ford-glb-body-test/parts_list.csv,Side mirror,100,Side mirror,body,False,"[0.26000016927719116, 0.20000000298023224, 0.1400001496076584]","[0.7499998658895493, 1.7600000128149986, -1.0500001087784767]","[1.0100000351667404, 1.9600000157952309, -0.9099999591708183]",4512,2208
body,/home/ubuntu/ford-glb-body-test/parts_list.csv,Side mirror.001,99,Side mirror.001,body,False,"[0.26000016927719116, 0.20000000298023224, 0.1400001496076584]","[0.7499998658895493, 1.7600000128149986, 0.9099999293684959]","[1.0100000351667404, 1.9600000157952309, 1.0500000789761543]",4512,2208
body,/home/ubuntu/ford-glb-body-test/parts_list.csv,Six spoke alloy wheel,105,Six spoke alloy wheel,body,False,"[0.5600000023841858, 0.5600000023841858, 0.14000000059604645]","[-1.9000000059604645, 0.45000001788139343, 0.8500000163912773]","[-1.3400000035762787, 1.0100000202655792, 0.9900000169873238]",288,188
body,/home/ubuntu/ford-glb-body-test/parts_list.csv,Six spoke alloy wheel.001,114,Six spoke alloy wheel.001,body,False,"[0.5600000023841858, 0.5600000023841858, 0.14000000059604645]","[-1.9000000059604645, 0.45000001788139343, -0.9900000169873238]","[-1.3400000035762787, 1.0100000202655792, -0.8500000163912773]",288,188
body,/home/ubuntu/ford-glb-body-test/parts_list.csv,Six spoke alloy wheel.002,123,Six spoke alloy wheel.002,body,False,"[0.5600000023841858, 0.5600000023841858, 0.14000000059604645]","[1.2799999415874481, 0.45000001788139343, 0.8500000163912773]","[1.839999943971634, 1.0100000202655792, 0.9900000169873238]",288,188
body,/home/ubuntu/ford-glb-body-test/parts_list.csv,Six spoke alloy wheel.003,132,Six spoke alloy wheel.003,body,False,"[0.5600000023841858, 0.5600000023841858, 0.14000000059604645]","[1.2799999415874481, 0.45000001788139343, -0.9900000169873238]","[1.839999943971634, 1.0100000202655792, -0.8500000163912773]",288,188
body,/home/ubuntu/ford-glb-body-test/parts_list.csv,Sport Trac door skin,75,Sport Trac door skin,body,False,"[0.7599999904632568, 0.8600000143051147, 0.07000000029802322]","[0.09999999403953552, 0.9100000262260437, 0.8449999950826168]","[0.8599999845027924, 1.7700000405311584, 0.91499999538064]",24,12
body,/home/ubuntu/ford-glb-body-test/parts_list.csv,Sport Trac door skin.001,78,Sport Trac door skin.001,body,False,"[0.7599999904632568, 0.8600000143051147, 0.07000000029802322]","[0.09999999403953552, 0.9100000262260437, -0.91499999538064]","[0.8599999845027924, 1.7700000405311584, -0.8449999950826168]",24,12
body,/home/ubuntu/ford-glb-body-test/parts_list.csv,Sport Trac door skin.002,81,Sport Trac door skin.002,body,False,"[0.7599999904632568, 0.8600000143051147, 0.07000000029802322]","[-0.7299999892711639, 0.9100000262260437, 0.8449999950826168]","[0.030000001192092896, 1.7700000405311584, 0.91499999538064]",24,12
body,/home/ubuntu/ford-glb-body-test/parts_list.csv,Sport Trac door skin.003,84,Sport Trac door skin.003,body,False,"[0.7599999904632568, 0.8600000143051147, 0.07000000029802322]","[-0.7299999892711639, 0.9100000262260437, -0.91499999538064]","[0.030000001192092896, 1.7700000405311584, -0.8449999950826168]",24,12
body,/home/ubuntu/ford-glb-body-test/parts_list.csv,Sport Trac tire,131,Sport Trac tire,body,False,"[1.1200000047683716, 1.1200000047683716, 0.3400000035762787]","[0.9999999403953552, 0.17000001668930054, -1.0900000184774399]","[2.119999945163727, 1.2900000214576721, -0.7500000149011612]",5120,2560
body,/home/ubuntu/ford-glb-body-test/parts_list.csv,Sport Trac tire.001,104,Sport Trac tire.001,body,False,"[1.1200000047683716, 1.1200000047683716, 0.3400000035762787]","[-2.1800000071525574, 0.17000001668930054, 0.7500000149011612]","[-1.0600000023841858, 1.2900000214576721, 1.0900000184774399]",5120,2560
body,/home/ubuntu/ford-glb-body-test/parts_list.csv,Sport Trac tire.002,113,Sport Trac tire.002,body,False,"[1.1200000047683716, 1.1200000047683716, 0.3400000035762787]","[-2.1800000071525574, 0.17000001668930054, -1.0900000184774399]","[-1.0600000023841858, 1.2900000214576721, -0.7500000149011612]",5120,2560
body,/home/ubuntu/ford-glb-body-test/parts_list.csv,Sport Trac tire.003,122,Sport Trac tire.003,body,False,"[1.1200000047683716, 1.1200000047683716, 0.3400000035762787]","[0.9999999403953552, 0.17000001668930054, 0.7500000149011612]","[2.119999945163727, 1.2900000214576721, 1.0900000184774399]",5120,2560
body,/home/ubuntu/ford-glb-body-test/parts_list.csv,Tailgate,101,Tailgate,body,False,"[0.07000000029802322, 0.800000011920929, 1.559999942779541]","[-2.5549999810755253, 0.9799999892711639, -0.7799999713897705]","[-2.484999980777502, 1.780000001192093, 0.7799999713897705]",24,12
body,/home/ubuntu/ford-glb-body-test/parts_list.csv,Technical ground,144,Technical ground,body,True,"[6.599999904632568, 0.05999999865889549, 4.400000095367432]","[-3.299999952316284, 0.020000001415610313, -2.200000047683716]","[3.299999952316284, 0.0800000000745058, 2.200000047683716]",24,12
body,/home/ubuntu/ford-glb-body-test/parts_list.csv,Throttle body,4,Throttle body,body,False,"[0.1599999964237213, 0.20000000298023224, 0.20000000298023224]","[1.4000000208616257, 1.8800000175833702, -0.10000000149011612]","[1.560000017285347, 2.0800000205636024, 0.10000000149011612]",192,124
body,/home/ubuntu/ford-glb-body-test/parts_list.csv,Tire,18,Tire,body,False,"[1.059999942779541, 1.059999942779541, 0.3199999928474426]","[1.0199999809265137, 0.19000005722045898, -1.070000022649765]","[2.0799999237060547, 1.25, -0.7500000298023224]",2304,1152
body,/home/ubuntu/ford-glb-body-test/parts_list.csv,Tire.001,12,Tire.001,body,False,"[1.059999942779541, 1.059999942779541, 0.3199999928474426]","[-2.149999976158142, 0.19000005722045898, 0.7500000298023224]","[-1.090000033378601, 1.25, 1.070000022649765]",2304,1152
body,/home/ubuntu/ford-glb-body-test/parts_list.csv,Tire.002,14,Tire.002,body,False,"[1.059999942779541, 1.059999942779541, 0.3199999928474426]","[-2.149999976158142, 0.19000005722045898, -1.070000022649765]","[-1.090000033378601, 1.25, -0.7500000298023224]",2304,1152
body,/home/ubuntu/ford-glb-body-test/parts_list.csv,Tire.003,16,Tire.003,body,False,"[1.059999942779541, 1.059999942779541, 0.3199999928474426]","[1.0199999809265137, 0.19000005722045898, 0.7500000298023224]","[2.0799999237060547, 1.25, 1.070000022649765]",2304,1152
body,/home/ubuntu/ford-glb-body-test/parts_list.csv,Valve cover,0,Valve cover,body,False,"[0.9200000166893005, 0.1599999964237213, 0.23999999463558197]","[0.5799999535083771, 1.599999949336052, 0.15000001341104507]","[1.4999999701976776, 1.7599999457597733, 0.39000000804662704]",24,12
body,/home/ubuntu/ford-glb-body-test/parts_list.csv,Valve cover.001,1,Valve cover.001,body,False,"[0.9200000166893005, 0.1599999964237213, 0.23999999463558197]","[0.5799999535083771, 1.599999949336052, -0.39000000804662704]","[1.4999999701976776, 1.7599999457597733, -0.15000001341104507]",24,12
body,/home/ubuntu/ford-glb-body-test/parts_list.csv,Vertical tail lamp,102,Vertical tail lamp,body,False,"[0.07000000029802322, 0.5, 0.25999999046325684]","[-2.5900000669062138, 1.25, 0.4599999785423279]","[-2.5200000666081905, 1.75, 0.7199999690055847]",24,12
body,/home/ubuntu/ford-glb-body-test/parts_list.csv,Vertical tail lamp.001,103,Vertical tail lamp.001,body,False,"[0.07000000029802322, 0.5, 0.25999999046325684]","[-2.5900000669062138, 1.25, -0.7199999690055847]","[-2.5200000666081905, 1.75, -0.4599999785423279]",24,12
body,/home/ubuntu/ford-glb-body-test/parts_list.csv,Wheel center cap,106,Wheel center cap,body,False,"[0.17000000178813934, 0.17000000178813934, 0.1599999964237213]","[-1.7050000056624413, 0.6450000181794167, 0.8491999953985214]","[-1.535000003874302, 0.815000019967556, 1.0091999918222427]",288,188
body,/home/ubuntu/ford-glb-body-test/parts_list.csv,Wheel center cap.001,115,Wheel center cap.001,body,False,"[0.17000000178813934, 0.17000000178813934, 0.1599999964237213]","[-1.7050000056624413, 0.6450000181794167, -1.0091999918222427]","[-1.535000003874302, 0.815000019967556, -0.8491999953985214]",288,188
body,/home/ubuntu/ford-glb-body-test/parts_list.csv,Wheel center cap.002,124,Wheel center cap.002,body,False,"[0.17000000178813934, 0.17000000178813934, 0.1599999964237213]","[1.4749999418854713, 0.6450000181794167, 0.8491999953985214]","[1.6449999436736107, 0.815000019967556, 1.0091999918222427]",288,188
body,/home/ubuntu/ford-glb-body-test/parts_list.csv,Wheel center cap.003,133,Wheel center cap.003,body,False,"[0.17000000178813934, 0.17000000178813934, 0.1599999964237213]","[1.4749999418854713, 0.6450000181794167, -1.0091999918222427]","[1.6449999436736107, 0.815000019967556, -0.8491999953985214]",288,188
body,/home/ubuntu/ford-glb-body-test/parts_list.csv,Wheel lug,26,Wheel lug,body,False,"[0.03810511529445648, 0.04399999976158142, 0.05000000074505806]","[-1.5190525576472282, 0.6980000287294388, 0.8940999861806631]","[-1.4809474423527718, 0.7420000284910202, 0.9440999869257212]",36,20
body,/home/ubuntu/ford-glb-body-test/parts_list.csv,Wheel lug.001,27,Wheel lug.001,body,False,"[0.03810511529445648, 0.04399999976158142, 0.05000000074505806]","[-1.601970486342907, 0.8121267706155777, 0.8940999861806631]","[-1.5638653710484505, 0.8561267703771591, 0.9440999869257212]",36,20
body,/home/ubuntu/ford-glb-body-test/parts_list.csv,Wheel lug.002,28,Wheel lug.002,body,False,"[0.03810511529445648, 0.04399999976158142, 0.05000000074505806]","[-1.7361345812678337, 0.7685342580080032, 0.8940999861806631]","[-1.6980294659733772, 0.8125342577695847, 0.9440999869257212]",36,20
body,/home/ubuntu/ford-glb-body-test/parts_list.csv,Wheel lug.003,29,Wheel lug.003,body,False,"[0.03810511529445648, 0.04399999976158142, 0.05000000074505806]","[-1.7361345812678337, 0.6274657994508743, 0.8940999861806631]","[-1.6980294659733772, 0.6714657992124557, 0.9440999869257212]",36,20
body,/home/ubuntu/ford-glb-body-test/parts_list.csv,Wheel lug.004,30,Wheel lug.004,body,False,"[0.03810511529445648, 0.04399999976158142, 0.05000000074505806]","[-1.601970486342907, 0.5838732272386551, 0.8940999861806631]","[-1.5638653710484505, 0.6278732270002365, 0.9440999869257212]",36,20
body,/home/ubuntu/ford-glb-body-test/parts_list.csv,Wheel lug.005,31,Wheel lug.005,body,False,"[0.03810511529445648, 0.04399999976158142, 0.05000000074505806]","[-1.5190525576472282, 0.6980000287294388, -0.9440999869257212]","[-1.4809474423527718, 0.7420000284910202, -0.8940999861806631]",36,20
body,/home/ubuntu/ford-glb-body-test/parts_list.csv,Wheel lug.006,32,Wheel lug.006,body,False,"[0.03810511529445648, 0.04399999976158142, 0.05000000074505806]","[-1.601970486342907, 0.8121267706155777, -0.9440999869257212]","[-1.5638653710484505, 0.8561267703771591, -0.8940999861806631]",36,20
body,/home/ubuntu/ford-glb-body-test/parts_list.csv,Wheel lug.007,33,Wheel lug.007,body,False,"[0.03810511529445648, 0.04399999976158142, 0.05000000074505806]","[-1.7361345812678337, 0.7685342580080032, -0.9440999869257212]","[-1.6980294659733772, 0.8125342577695847, -0.8940999861806631]",36,20
body,/home/ubuntu/ford-glb-body-test/parts_list.csv,Wheel lug.008,34,Wheel lug.008,body,False,"[0.03810511529445648, 0.04399999976158142, 0.05000000074505806]","[-1.7361345812678337, 0.6274657994508743, -0.9440999869257212]","[-1.6980294659733772, 0.6714657992124557, -0.8940999861806631]",36,20
body,/home/ubuntu/ford-glb-body-test/parts_list.csv,Wheel lug.009,35,Wheel lug.009,body,False,"[0.03810511529445648, 0.04399999976158142, 0.05000000074505806]","[-1.601970486342907, 0.5838732272386551, -0.9440999869257212]","[-1.5638653710484505, 0.6278732270002365, -0.8940999861806631]",36,20
body,/home/ubuntu/ford-glb-body-test/parts_list.csv,Wheel lug.010,36,Wheel lug.010,body,False,"[0.03810511529445648, 0.04399999976158142, 0.05000000074505806]","[1.6509473994374275, 0.6980000287294388, 0.8940999861806631]","[1.689052514731884, 0.7420000284910202, 0.9440999869257212]",36,20
body,/home/ubuntu/ford-glb-body-test/parts_list.csv,Wheel lug.011,37,Wheel lug.011,body,False,"[0.03810511529445648, 0.04399999976158142, 0.05000000074505806]","[1.5680294707417488, 0.8121267706155777, 0.8940999861806631]","[1.6061345860362053, 0.8561267703771591, 0.9440999869257212]",36,20
body,/home/ubuntu/ford-glb-body-test/parts_list.csv,Wheel lug.012,38,Wheel lug.012,body,False,"[0.03810511529445648, 0.04399999976158142, 0.05000000074505806]","[1.433865375816822, 0.7685342580080032, 0.8940999861806631]","[1.4719704911112785, 0.8125342577695847, 0.9440999869257212]",36,20
body,/home/ubuntu/ford-glb-body-test/parts_list.csv,Wheel lug.013,39,Wheel lug.013,body,False,"[0.03810511529445648, 0.04399999976158142, 0.05000000074505806]","[1.433865375816822, 0.6274657994508743, 0.8940999861806631]","[1.4719704911112785, 0.6714657992124557, 0.9440999869257212]",36,20
body,/home/ubuntu/ford-glb-body-test/parts_list.csv,Wheel lug.014,40,Wheel lug.014,body,False,"[0.03810511529445648, 0.04399999976158142, 0.05000000074505806]","[1.5680294707417488, 0.5838732272386551, 0.8940999861806631]","[1.6061345860362053, 0.6278732270002365, 0.9440999869257212]",36,20
body,/home/ubuntu/ford-glb-body-test/parts_list.csv,Wheel lug.015,41,Wheel lug.015,body,False,"[0.03810511529445648, 0.04399999976158142, 0.05000000074505806]","[1.6509473994374275, 0.6980000287294388, -0.9440999869257212]","[1.689052514731884, 0.7420000284910202, -0.8940999861806631]",36,20
body,/home/ubuntu/ford-glb-body-test/parts_list.csv,Wheel lug.016,42,Wheel lug.016,body,False,"[0.03810511529445648, 0.04399999976158142, 0.05000000074505806]","[1.5680294707417488, 0.8121267706155777, -0.9440999869257212]","[1.6061345860362053, 0.8561267703771591, -0.8940999861806631]",36,20
body,/home/ubuntu/ford-glb-body-test/parts_list.csv,Wheel lug.017,43,Wheel lug.017,body,False,"[0.03810511529445648, 0.04399999976158142, 0.05000000074505806]","[1.433865375816822, 0.7685342580080032, -0.9440999869257212]","[1.4719704911112785, 0.8125342577695847, -0.8940999861806631]",36,20
body,/home/ubuntu/ford-glb-body-test/parts_list.csv,Wheel lug.018,44,Wheel lug.018,body,False,"[0.03810511529445648, 0.04399999976158142, 0.05000000074505806]","[1.433865375816822, 0.6274657994508743, -0.9440999869257212]","[1.4719704911112785, 0.6714657992124557, -0.8940999861806631]",36,20
body,/home/ubuntu/ford-glb-body-test/parts_list.csv,Wheel lug.019,45,Wheel lug.019,body,False,"[0.03810511529445648, 0.04399999976158142, 0.05000000074505806]","[1.5680294707417488, 0.5838732272386551, -0.9440999869257212]","[1.6061345860362053, 0.6278732270002365, -0.8940999861806631]",36,20
body,/home/ubuntu/ford-glb-body-test/parts_list.csv,Wheel rim,13,Wheel rim,body,False,"[0.5400000214576721, 0.5400000214576721, 0.11999999731779099]","[-1.8900000154972076, 0.45000001788139343, 0.8500000275671482]","[-1.3499999940395355, 0.9900000393390656, 0.9700000248849392]",192,124
body,/home/ubuntu/ford-glb-body-test/parts_list.csv,Wheel rim.001,15,Wheel rim.001,body,False,"[0.5400000214576721, 0.5400000214576721, 0.11999999731779099]","[-1.8900000154972076, 0.45000001788139343, -0.9700000248849392]","[-1.3499999940395355, 0.9900000393390656, -0.8500000275671482]",192,124
body,/home/ubuntu/ford-glb-body-test/parts_list.csv,Wheel rim.002,17,Wheel rim.002,body,False,"[0.5400000214576721, 0.5400000214576721, 0.11999999731779099]","[1.2799999415874481, 0.45000001788139343, 0.8500000275671482]","[1.8199999630451202, 0.9900000393390656, 0.9700000248849392]",192,124
body,/home/ubuntu/ford-glb-body-test/parts_list.csv,Wheel rim.003,19,Wheel rim.003,body,False,"[0.5400000214576721, 0.5400000214576721, 0.11999999731779099]","[1.2799999415874481, 0.45000001788139343, -0.9700000248849392]","[1.8199999630451202, 0.9900000393390656, -0.8500000275671482]",192,124
body,/home/ubuntu/ford-glb-body-test/parts_list.csv,Wheel spoke,107,Wheel spoke,body,False,"[0.035999998450279236, 0.0560000017285347, 0.17000000178813934]","[-1.5179999992251396, 0.702000018209219, 0.8441999927163124]","[-1.4820000007748604, 0.7580000199377537, 1.0141999945044518]",24,12
body,/home/ubuntu/ford-glb-body-test/parts_list.csv,Wheel spoke.001,108,Wheel spoke.001,body,False,"[0.16522432025367406, 0.0560000017285347, 0.11617691207959746]","[-1.642612102906378, 0.8059230409562588, 0.8711115375705833]","[-1.477387782652704, 0.8619230426847935, 0.9872884496501808]",24,12
body,/home/ubuntu/ford-glb-body-test/parts_list.csv,Wheel spoke.002,109,Wheel spoke.002,body,False,"[0.16522431747537247, 0.0560000017285347, 0.11617691875004543]","[-1.7626121062855988, 0.8059230409562588, 0.8711115342353594]","[-1.5973877888102264, 0.8619230426847935, 0.9872884529854048]",24,12
body,/home/ubuntu/ford-glb-body-test/parts_list.csv,Wheel spoke.003,110,Wheel spoke.003,body,False,"[0.03600001331215141, 0.0560000017285347, 0.17000000493535838]","[-1.7580000161928189, 0.702000018209219, 0.8441999911427028]","[-1.7220000028806675, 0.7580000199377537, 1.0141999960780612]",24,12
body,/home/ubuntu/ford-glb-body-test/parts_list.csv,Wheel spoke.004,111,Wheel spoke.004,body,False,"[0.16522432025367406, 0.0560000017285347, 0.11617691207959746]","[-1.7626121076747496, 0.5980769358575344, 0.8711115375705833]","[-1.5973877874210756, 0.6540769375860691, 0.9872884496501808]",24,12
body,/home/ubuntu/ford-glb-body-test/parts_list.csv,Wheel spoke.005,112,Wheel spoke.005,body,False,"[0.16522432025367406, 0.0560000017285347, 0.11617691207959746]","[-1.642612102906378, 0.5980769358575344, 0.8711115375705833]","[-1.477387782652704, 0.6540769375860691, 0.9872884496501808]",24,12
body,/home/ubuntu/ford-glb-body-test/parts_list.csv,Wheel spoke.006,116,Wheel spoke.006,body,False,"[0.035999998450279236, 0.0560000017285347, 0.17000000178813934]","[-1.5179999992251396, 0.702000018209219, -1.0141999945044518]","[-1.4820000007748604, 0.7580000199377537, -0.8441999927163124]",24,12
body,/home/ubuntu/ford-glb-body-test/parts_list.csv,Wheel spoke.007,117,Wheel spoke.007,body,False,"[0.16522432025367406, 0.0560000017285347, 0.11617691207959746]","[-1.642612102906378, 0.8059230409562588, -0.9872884496501808]","[-1.477387782652704, 0.8619230426847935, -0.8711115375705833]",24,12
body,/home/ubuntu/ford-glb-body-test/parts_list.csv,Wheel spoke.008,118,Wheel spoke.008,body,False,"[0.16522431747537247, 0.0560000017285347, 0.11617691875004543]","[-1.7626121062855988, 0.8059230409562588, -0.9872884529854048]","[-1.5973877888102264, 0.8619230426847935, -0.8711115342353594]",24,12
body,/home/ubuntu/ford-glb-body-test/parts_list.csv,Wheel spoke.009,119,Wheel spoke.009,body,False,"[0.03600001331215141, 0.0560000017285347, 0.17000000493535838]","[-1.7580000161928189, 0.702000018209219, -1.0141999960780612]","[-1.7220000028806675, 0.7580000199377537, -0.8441999911427028]",24,12
body,/home/ubuntu/ford-glb-body-test/parts_list.csv,Wheel spoke.010,120,Wheel spoke.010,body,False,"[0.16522432025367406, 0.0560000017285347, 0.11617691207959746]","[-1.7626121076747496, 0.5980769358575344, -0.9872884496501808]","[-1.5973877874210756, 0.6540769375860691, -0.8711115375705833]",24,12
body,/home/ubuntu/ford-glb-body-test/parts_list.csv,Wheel spoke.011,121,Wheel spoke.011,body,False,"[0.16522432025367406, 0.0560000017285347, 0.11617691207959746]","[-1.642612102906378, 0.5980769358575344, -0.9872884496501808]","[-1.477387782652704, 0.6540769375860691, -0.8711115375705833]",24,12
body,/home/ubuntu/ford-glb-body-test/parts_list.csv,Wheel spoke.012,125,Wheel spoke.012,body,False,"[0.035999998450279236, 0.0560000017285347, 0.17000000178813934]","[1.661999948322773, 0.702000018209219, 0.8441999927163124]","[1.6979999467730522, 0.7580000199377537, 1.0141999945044518]",24,12
body,/home/ubuntu/ford-glb-body-test/parts_list.csv,Wheel spoke.013,126,Wheel spoke.013,body,False,"[0.16522432025367406, 0.0560000017285347, 0.11617691207959746]","[1.5373878446415346, 0.8059230409562588, 0.8711115375705833]","[1.7026121648952086, 0.8619230426847935, 0.9872884496501808]",24,12
body,/home/ubuntu/ford-glb-body-test/parts_list.csv,Wheel spoke.014,127,Wheel spoke.014,body,False,"[0.16522431747537247, 0.0560000017285347, 0.11617691875004543]","[1.4173878412623138, 0.8059230409562588, 0.8711115342353594]","[1.5826121587376862, 0.8619230426847935, 0.9872884529854048]",24,12
body,/home/ubuntu/ford-glb-body-test/parts_list.csv,Wheel spoke.015,128,Wheel spoke.015,body,False,"[0.03600001331215141, 0.0560000017285347, 0.17000000493535838]","[1.4220000505643833, 0.702000018209219, 0.8441999911427028]","[1.4580000638765347, 0.7580000199377537, 1.0141999960780612]",24,12
body,/home/ubuntu/ford-glb-body-test/parts_list.csv,Wheel spoke.016,129,Wheel spoke.016,body,False,"[0.16522432025367406, 0.0560000017285347, 0.11617691207959746]","[1.417387839873163, 0.5980769358575344, 0.8711115375705833]","[1.582612160126837, 0.6540769375860691, 0.9872884496501808]",24,12
body,/home/ubuntu/ford-glb-body-test/parts_list.csv,Wheel spoke.017,130,Wheel spoke.017,body,False,"[0.16522432025367406, 0.0560000017285347, 0.11617691207959746]","[1.5373878446415346, 0.5980769358575344, 0.8711115375705833]","[1.7026121648952086, 0.6540769375860691, 0.9872884496501808]",24,12
body,/home/ubuntu/ford-glb-body-test/parts_list.csv,Wheel spoke.018,134,Wheel spoke.018,body,False,"[0.035999998450279236, 0.0560000017285347, 0.17000000178813934]","[1.661999948322773, 0.702000018209219, -1.0141999945044518]","[1.6979999467730522, 0.7580000199377537, -0.8441999927163124]",24,12
body,/home/ubuntu/ford-glb-body-test/parts_list.csv,Wheel spoke.019,135,Wheel spoke.019,body,False,"[0.16522432025367406, 0.0560000017285347, 0.11617691207959746]","[1.5373878446415346, 0.8059230409562588, -0.9872884496501808]","[1.7026121648952086, 0.8619230426847935, -0.8711115375705833]",24,12
body,/home/ubuntu/ford-glb-body-test/parts_list.csv,Wheel spoke.020,136,Wheel spoke.020,body,False,"[0.16522431747537247, 0.0560000017285347, 0.11617691875004543]","[1.4173878412623138, 0.8059230409562588, -0.9872884529854048]","[1.5826121587376862, 0.8619230426847935, -0.8711115342353594]",24,12
body,/home/ubuntu/ford-glb-body-test/parts_list.csv,Wheel spoke.021,137,Wheel spoke.021,body,False,"[0.03600001331215141, 0.0560000017285347, 0.17000000493535838]","[1.4220000505643833, 0.702000018209219, -1.0141999960780612]","[1.4580000638765347, 0.7580000199377537, -0.8441999911427028]",24,12
body,/home/ubuntu/ford-glb-body-test/parts_list.csv,Wheel spoke.022,138,Wheel spoke.022,body,False,"[0.16522432025367406, 0.0560000017285347, 0.11617691207959746]","[1.417387839873163, 0.5980769358575344, -0.9872884496501808]","[1.582612160126837, 0.6540769375860691, -0.8711115375705833]",24,12
body,/home/ubuntu/ford-glb-body-test/parts_list.csv,Wheel spoke.023,139,Wheel spoke.023,body,False,"[0.16522432025367406, 0.0560000017285347, 0.11617691207959746]","[1.5373878446415346, 0.5980769358575344, -0.9872884496501808]","[1.7026121648952086, 0.6540769375860691, -0.8711115375705833]",24,12
body,/home/ubuntu/ford-glb-body-test/parts_list.csv,Windshield,64,Windshield,body,False,"[0.29444322352081276, 0.6795244142622519, 1.3799999952316284]","[0.9527784120814515, 1.7602376975014424, -0.6899999976158142]","[1.2472216356022643, 2.4397621117636943, 0.6899999976158142]",24,12
suspension,/home/ubuntu/ford-glb-suspension-test/parts_list.csv,Brake disc,6,Brake disc,suspension,False,"[0.36000001430511475, 0.36000001430511475, 0.02500000037252903]","[1.3699999451637268, 0.5400000214576721, -0.913400006480515]","[1.7299999594688416, 0.9000000357627869, -0.888400006107986]",192,124
suspension,/home/ubuntu/ford-glb-suspension-test/parts_list.csv,Brake disc.001,0,Brake disc.001,suspension,False,"[0.36000001430511475, 0.36000001430511475, 0.02500000037252903]","[-1.800000011920929, 0.5400000214576721, 0.888400006107986]","[-1.4399999976158142, 0.9000000357627869, 0.913400006480515]",192,124
suspension,/home/ubuntu/ford-glb-suspension-test/parts_list.csv,Brake disc.002,2,Brake disc.002,suspension,False,"[0.36000001430511475, 0.36000001430511475, 0.02500000037252903]","[-1.800000011920929, 0.5400000214576721, -0.913400006480515]","[-1.4399999976158142, 0.9000000357627869, -0.888400006107986]",192,124
suspension,/home/ubuntu/ford-glb-suspension-test/parts_list.csv,Brake disc.003,4,Brake disc.003,suspension,False,"[0.36000001430511475, 0.36000001430511475, 0.02500000037252903]","[1.3699999451637268, 0.5400000214576721, 0.888400006107986]","[1.7299999594688416, 0.9000000357627869, 0.913400006480515]",192,124
suspension,/home/ubuntu/ford-glb-suspension-test/parts_list.csv,Label_Rear axle / 2WD,17,Label_Rear axle / 2WD,suspension,True,"[0.7536537945270538, 0.07970531094296118, 0.035402949242279935]","[-1.9251199960708618, 0.8458205896524807, 0.9207073842731973]","[-1.171466201543808, 0.9255259005954419, 0.9561103335154773]",11389,19108
suspension,/home/ubuntu/ford-glb-suspension-test/parts_list.csv,Rear axle housing,8,Rear axle housing,suspension,False,"[0.4000000059604645, 0.36000001430511475, 1.399999976158142]","[-1.8200000077486038, 0.48000001907348633, -0.699999988079071]","[-1.4200000017881393, 0.8400000333786011, 0.699999988079071]",24,12
suspension,/home/ubuntu/ford-glb-suspension-test/parts_list.csv,Rear axle shaft,9,Rear axle shaft,suspension,False,"[0.1099998950958252, 0.16360777616500854, 0.4434906244277954]","[-1.6749999523162842, 0.6081961393356323, 0.22375470399856567]","[-1.565000057220459, 0.7718039155006409, 0.6672453284263611]",143,240
suspension,/home/ubuntu/ford-glb-suspension-test/parts_list.csv,Rear axle shaft.001,10,Rear axle shaft.001,suspension,False,"[0.1100001335144043, 0.16360777616500854, 0.4434906244277954]","[-1.6750000715255737, 0.6081961393356323, -0.6672453284263611]","[-1.5649999380111694, 0.7718039155006409, -0.22375470399856567]",143,240
suspension,/home/ubuntu/ford-glb-suspension-test/parts_list.csv,Shock absorber,12,Shock absorber,suspension,False,"[0.20739385821826817, 0.49238112395712097, 0.10999999940395355]","[-1.7236969338775057, 0.7038094261005106, 0.5650000050663948]","[-1.5163030756592375, 1.1961905500576315, 0.6750000044703484]",192,124
suspension,/home/ubuntu/ford-glb-suspension-test/parts_list.csv,Shock absorber.001,13,Shock absorber.001,suspension,False,"[0.20739385821826817, 0.49238112395712097, 0.10999999940395355]","[-1.7236969338775057, 0.7038094261005106, -0.6750000044703484]","[-1.5163030756592375, 1.1961905500576315, -0.5650000050663948]",192,124
suspension,/home/ubuntu/ford-glb-suspension-test/parts_list.csv,Shock absorber.002,15,Shock absorber.002,suspension,False,"[0.20739385821826817, 0.49238112395712097, 0.10999999940395355]","[1.44630302320715, 0.7038094261005106, 0.5650000050663948]","[1.6536968814254183, 1.1961905500576315, 0.6750000044703484]",192,124
suspension,/home/ubuntu/ford-glb-suspension-test/parts_list.csv,Shock absorber.003,16,Shock absorber.003,suspension,False,"[0.20739385821826817, 0.49238112395712097, 0.10999999940395355]","[1.44630302320715, 0.7038094261005106, -0.6750000044703484]","[1.6536968814254183, 1.1961905500576315, -0.5650000050663948]",192,124
suspension,/home/ubuntu/ford-glb-suspension-test/parts_list.csv,Suspension control arm,11,Suspension control arm,suspension,False,"[0.20000000298023224, 0.14000000059604645, 1.2999999523162842]","[-1.7200000062584877, 0.48000001162290573, -0.6499999761581421]","[-1.5200000032782555, 0.6200000122189522, 0.6499999761581421]",24,12
suspension,/home/ubuntu/ford-glb-suspension-test/parts_list.csv,Suspension control arm.001,14,Suspension control arm.001,suspension,False,"[0.20000000298023224, 0.14000000059604645, 1.2999999523162842]","[1.449999950826168, 0.48000001162290573, -0.6499999761581421]","[1.6499999538064003, 0.6200000122189522, 0.6499999761581421]",24,12
suspension,/home/ubuntu/ford-glb-suspension-test/parts_list.csv,Wheel hub,1,Wheel hub,suspension,False,"[0.12999999523162842, 0.12999999523162842, 0.15000000596046448]","[-1.6850000023841858, 0.6550000309944153, 0.8440999835729599]","[-1.5550000071525574, 0.7850000262260437, 0.9940999895334244]",192,124
suspension,/home/ubuntu/ford-glb-suspension-test/parts_list.csv,Wheel hub.001,3,Wheel hub.001,suspension,False,"[0.12999999523162842, 0.12999999523162842, 0.15000000596046448]","[-1.6850000023841858, 0.6550000309944153, -0.9940999895334244]","[-1.5550000071525574, 0.7850000262260437, -0.8440999835729599]",192,124
suspension,/home/ubuntu/ford-glb-suspension-test/parts_list.csv,Wheel hub.002,5,Wheel hub.002,suspension,False,"[0.12999999523162842, 0.12999999523162842, 0.15000000596046448]","[1.48499995470047, 0.6550000309944153, 0.8440999835729599]","[1.6149999499320984, 0.7850000262260437, 0.9940999895334244]",192,124
suspension,/home/ubuntu/ford-glb-suspension-test/parts_list.csv,Wheel hub.003,7,Wheel hub.003,suspension,False,"[0.12999999523162842, 0.12999999523162842, 0.15000000596046448]","[1.48499995470047, 0.6550000309944153, -0.9940999895334244]","[1.6149999499320984, 0.7850000262260437, -0.8440999835729599]",192,124
engine,/home/ubuntu/ford-glb-layer-test/parts_list.csv,4WD mount bolt,28,4WD mount bolt,drivetrain,False,"[0.060621775686740875, 0.07000000029802322, 0.07999999821186066]","[-0.5303108878433704, 0.6049999855458736, -0.5000000074505806]","[-0.46968911215662956, 0.6749999858438969, -0.42000000923871994]",36,20
engine,/home/ubuntu/ford-glb-layer-test/parts_list.csv,4WD mount bolt.001,27,4WD mount bolt.001,drivetrain,False,"[0.060621775686740875, 0.07000000029802322, 0.07999999821186066]","[-0.5303108878433704, 0.6049999855458736, 0.42000000923871994]","[-0.46968911215662956, 0.6749999858438969, 0.5000000074505806]",36,20
engine,/home/ubuntu/ford-glb-layer-test/parts_list.csv,Cylinder head,1,Cylinder head,drivetrain,False,"[0.9599999785423279, 0.20000000298023224, 0.25999999046325684]","[0.5599999725818634, 1.4399999603629112, 0.14000001549720764]","[1.5199999511241913, 1.6399999633431435, 0.4000000059604645]",24,12
engine,/home/ubuntu/ford-glb-layer-test/parts_list.csv,Cylinder head.001,2,Cylinder head.001,drivetrain,False,"[0.9599999785423279, 0.20000000298023224, 0.25999999046325684]","[0.5599999725818634, 1.4399999603629112, -0.4000000059604645]","[1.5199999511241913, 1.6399999633431435, -0.14000001549720764]",24,12
engine,/home/ubuntu/ford-glb-layer-test/parts_list.csv,Engine block 4.0L V6,0,Engine block 4.0L V6,drivetrain,False,"[1.100000023841858, 0.8399999737739563, 0.7599999904632568]","[0.4999999403953552, 0.6800000369548798, -0.3799999952316284]","[1.5999999642372131, 1.520000010728836, 0.3799999952316284]",24,12
engine,/home/ubuntu/ford-glb-layer-test/parts_list.csv,Engine fastener,19,Engine fastener,drivetrain,False,"[0.060621775686740875, 0.07000000029802322, 0.05999999865889549]","[0.549689095467329, 1.4649999998509884, 0.4899999815970659]","[0.6103108711540699, 1.5350000001490116, 0.5499999802559614]",36,20
engine,/home/ubuntu/ford-glb-layer-test/parts_list.csv,Engine fastener.001,20,Engine fastener.001,drivetrain,False,"[0.060621775686740875, 0.07000000029802322, 0.05999999865889549]","[0.549689095467329, 1.6650000475347042, 0.4899999815970659]","[0.6103108711540699, 1.7350000478327274, 0.5499999802559614]",36,20
engine,/home/ubuntu/ford-glb-layer-test/parts_list.csv,Engine fastener.002,21,Engine fastener.002,drivetrain,False,"[0.060621775686740875, 0.07000000029802322, 0.05999999865889549]","[0.549689095467329, 1.4649999998509884, -0.5499999802559614]","[0.6103108711540699, 1.5350000001490116, -0.4899999815970659]",36,20
engine,/home/ubuntu/ford-glb-layer-test/parts_list.csv,Engine fastener.003,22,Engine fastener.003,drivetrain,False,"[0.060621775686740875, 0.07000000029802322, 0.05999999865889549]","[0.549689095467329, 1.6650000475347042, -0.5499999802559614]","[0.6103108711540699, 1.7350000478327274, -0.4899999815970659]",36,20
engine,/home/ubuntu/ford-glb-layer-test/parts_list.csv,Engine fastener.004,23,Engine fastener.004,drivetrain,False,"[0.060621775686740875, 0.07000000029802322, 0.05999999865889549]","[1.3896890692412853, 1.4649999998509884, 0.4899999815970659]","[1.4503108449280262, 1.5350000001490116, 0.5499999802559614]",36,20
engine,/home/ubuntu/ford-glb-layer-test/parts_list.csv,Engine fastener.005,24,Engine fastener.005,drivetrain,False,"[0.060621775686740875, 0.07000000029802322, 0.05999999865889549]","[1.3896890692412853, 1.6650000475347042, 0.4899999815970659]","[1.4503108449280262, 1.7350000478327274, 0.5499999802559614]",36,20
engine,/home/ubuntu/ford-glb-layer-test/parts_list.csv,Engine fastener.006,25,Engine fastener.006,drivetrain,False,"[0.060621775686740875, 0.07000000029802322, 0.05999999865889549]","[1.3896890692412853, 1.4649999998509884, -0.5499999802559614]","[1.4503108449280262, 1.5350000001490116, -0.4899999815970659]",36,20
engine,/home/ubuntu/ford-glb-layer-test/parts_list.csv,Engine fastener.007,26,Engine fastener.007,drivetrain,False,"[0.060621775686740875, 0.07000000029802322, 0.05999999865889549]","[1.3896890692412853, 1.6650000475347042, -0.5499999802559614]","[1.4503108449280262, 1.7350000478327274, -0.4899999815970659]",36,20
engine,/home/ubuntu/ford-glb-layer-test/parts_list.csv,Exhaust pipe,9,Exhaust pipe,drivetrain,False,"[2.635454297065735, 0.26529908180236816, 0.12000000476837158]","[-2.1263015270233154, 0.34102553129196167, 0.2800000011920929]","[0.5091527700424194, 0.6063246130943298, 0.4000000059604645]",407,720
engine,/home/ubuntu/ford-glb-layer-test/parts_list.csv,Frame mount bolt,11,Frame mount bolt,drivetrain,False,"[0.07794228941202164, 0.09000000357627869, 0.07999999821186066]","[-1.9889711923897266, 0.5949999839067459, 0.690000019967556]","[-1.911028902977705, 0.6849999874830246, 0.7700000181794167]",36,20
engine,/home/ubuntu/ford-glb-layer-test/parts_list.csv,Frame mount bolt.001,12,Frame mount bolt.001,drivetrain,False,"[0.07794228941202164, 0.09000000357627869, 0.07999999821186066]","[-1.9889711923897266, 0.5949999839067459, -0.7700000181794167]","[-1.911028902977705, 0.6849999874830246, -0.690000019967556]",36,20
engine,/home/ubuntu/ford-glb-layer-test/parts_list.csv,Frame mount bolt.002,13,Frame mount bolt.002,drivetrain,False,"[0.07794228941202164, 0.09000000357627869, 0.07999999821186066]","[-0.8889711685478687, 0.5949999839067459, 0.690000019967556]","[-0.8110288791358471, 0.6849999874830246, 0.7700000181794167]",36,20
engine,/home/ubuntu/ford-glb-layer-test/parts_list.csv,Frame mount bolt.003,14,Frame mount bolt.003,drivetrain,False,"[0.07794228941202164, 0.09000000357627869, 0.07999999821186066]","[-0.8889711685478687, 0.5949999839067459, -0.7700000181794167]","[-0.8110288791358471, 0.6849999874830246, -0.690000019967556]",36,20
engine,/home/ubuntu/ford-glb-layer-test/parts_list.csv,Frame mount bolt.004,15,Frame mount bolt.004,drivetrain,False,"[0.07794228941202164, 0.09000000357627869, 0.07999999821186066]","[0.3110288493335247, 0.5949999839067459, 0.690000019967556]","[0.38897113874554634, 0.6849999874830246, 0.7700000181794167]",36,20
engine,/home/ubuntu/ford-glb-layer-test/parts_list.csv,Frame mount bolt.005,16,Frame mount bolt.005,drivetrain,False,"[0.07794228941202164, 0.09000000357627869, 0.07999999821186066]","[0.3110288493335247, 0.5949999839067459, -0.7700000181794167]","[0.38897113874554634, 0.6849999874830246, -0.690000019967556]",36,20
engine,/home/ubuntu/ford-glb-layer-test/parts_list.csv,Frame mount bolt.006,17,Frame mount bolt.006,drivetrain,False,"[0.07794228941202164, 0.09000000357627869, 0.07999999821186066]","[1.5110288076102734, 0.5949999839067459, 0.690000019967556]","[1.588971097022295, 0.6849999874830246, 0.7700000181794167]",36,20
engine,/home/ubuntu/ford-glb-layer-test/parts_list.csv,Frame mount bolt.007,18,Frame mount bolt.007,drivetrain,False,"[0.07794228941202164, 0.09000000357627869, 0.07999999821186066]","[1.5110288076102734, 0.5949999839067459, -0.7700000181794167]","[1.588971097022295, 0.6849999874830246, -0.690000019967556]",36,20
engine,/home/ubuntu/ford-glb-layer-test/parts_list.csv,Front differential,10,Front differential,drivetrain,False,"[0.4000000059604645, 0.3199999928474426, 0.9599999785423279]","[0.8199999779462814, 0.46000000834465027, -0.47999998927116394]","[1.219999983906746, 0.7800000011920929, 0.47999998927116394]",24,12
engine,/home/ubuntu/ford-glb-layer-test/parts_list.csv,Front propeller shaft,8,Front propeller shaft,drivetrain,False,"[1.470326006412506, 0.47893524169921875, 0.1300000250339508]","[-0.6423644423484802, 0.5586961507797241, -0.0650000125169754]","[0.8279615640640259, 1.0376313924789429, 0.0650000125169754]",275,480
engine,/home/ubuntu/ford-glb-layer-test/parts_list.csv,Intake manifold,6,Intake manifold,drivetrain,False,"[0.8999999761581421, 0.25999999046325684, 0.47999998927116394]","[0.5699999928474426, 1.7899999618530273, -0.23999999463558197]","[1.4699999690055847, 2.049999952316284, 0.23999999463558197]",24,12
engine,/home/ubuntu/ford-glb-layer-test/parts_list.csv,Label_4.0L V6 engine,29,Label_4.0L V6 engine,drivetrain,True,"[0.6562703847885132, 0.10349476287039727, 0.042985806266995996]","[0.720694899559021, 1.7227009603936367, 0.9206366674239347]","[1.3769652843475342, 1.826195723264034, 0.9636224736909307]",13025,21888
engine,/home/ubuntu/ford-glb-layer-test/parts_list.csv,Label_Front differential,30,Label_Front differential,drivetrain,True,"[0.7354799807071686, 0.07712986387773979, 0.03151468025241311]","[0.6528649926185608, 0.8771298513577399, 0.9926445606963881]","[1.3883449733257294, 0.9542597152354797, 1.0241592409488012]",16046,26920
engine,/home/ubuntu/ford-glb-layer-test/parts_list.csv,Label_Front propeller shaft,31,Label_Front propeller shaft,drivetrain,True,"[0.9220398962497711, 0.10024850184474743, 0.03902671818889236]","[-0.3368949666619301, 0.7940112110065465, 0.9926445606963881]","[0.585144929587841, 0.8942597128512939, 1.0316712788852804]",18904,31800
engine,/home/ubuntu/ford-glb-layer-test/parts_list.csv,Lower radiator hose,5,Lower radiator hose,drivetrain,False,"[0.7898150682449341, 0.16483676433563232, 0.15953877940773964]","[1.169251799583435, 1.0571397542953491, -0.1649441123008728]","[1.9590668678283691, 1.2219765186309814, -0.0054053328931331635]",275,480
engine,/home/ubuntu/ford-glb-layer-test/parts_list.csv,Propeller shaft,7,Propeller shaft,drivetrain,False,"[1.4038675129413605, 0.38052040338516235, 0.15000003576278687]","[-1.7889854907989502, 0.6492390036582947, -0.07500001788139343]","[-0.3851179778575897, 1.029759407043457, 0.07500001788139343]",275,480
engine,/home/ubuntu/ford-glb-layer-test/parts_list.csv,Radiator,3,Radiator,drivetrain,False,"[0.14000000059604645, 0.8399999737739563, 1.2999999523162842]","[1.8800000473856926, 1.0500000417232513, -0.6499999761581421]","[2.020000047981739, 1.8900000154972076, 0.6499999761581421]",24,12
engine,/home/ubuntu/ford-glb-layer-test/parts_list.csv,Upper radiator hose,4,Upper radiator hose,drivetrain,False,"[0.8002508878707886, 0.253318190574646, 0.15953216701745987]","[1.1671650409698486, 1.7105255126953125, 0.005405344069004059]","[1.9674159288406372, 1.9638437032699585, 0.16493751108646393]",275,480
